1,Andy,Mclean,Private First Class,38,1416,2007-12-13,2009-8-17,470,552,917
2,Karter,Lambert,Sergeant Major,35,1568,2006-6-8,2014-3-16,632,534,82
3,Ethan,Woods,Private,24,1493,2007-4-27,2016-12-17,258,225,857
4,Cayden,Valdez,First Sergeant,20,1572,2004-8-18,2011-8-19,635,250,554
5,Alijah,Ponce,Sergeant,26,1020,2003-7-25,2004-8-10,260,405,719
6,Phillip,Hood,Staff Sergeant,34,1448,2015-3-20,2017-5-27,178,895,169
7,Jorden,Osborne,Sergeant First Class,24,1376,2012-10-3,2019-9-11,523,407,626
8,John,Richardson,Master Sergeant,25,1048,2006-2-15,2013-1-6,44,909,195
9,Reed,Patrick,Sergeant First Class,30,1047,2009-10-6,2019-1-16,972,342,915
10,Jose,Merritt,Specialist,43,1854,2013-2-5,2017-1-28,161,331,398
11,Benjamin,Ruiz,Staff Sergeant,43,1762,2003-3-9,2011-5-5,380,345,951
12,Andres,Hendricks,Staff Sergeant,40,1419,2007-11-24,2008-11-10,968,678,221
13,Bridger,Gallagher,Staff Sergeant,34,1190,2006-7-9,2012-8-5,244,402,76
14,Peyton,Martinez,Sergeant Major,40,1512,2017-5-16,2018-10-9,1000,665,826
15,Makhi,Patrick,Sergeant Major,43,1576,2002-9-17,2018-6-11,228,532,873
16,Tommy,Valdez,First Sergeant,25,1007,2000-1-27,2013-5-7,361,863,393
17,Evan,Chung,Private First Class,33,1886,2002-6-5,2013-5-22,861,543,330
18,Jensen,Lambert,Sergeant First Class,26,1328,2012-5-2,2016-8-25,509,108,961
19,Tate,Sawyer,First Sergeant,30,1429,2001-12-14,2005-3-11,324,661,403
20,Braeden,Holden,Sergeant First Class,32,1486,2006-7-16,2016-7-27,457,303,647
21,Makhi,Nolan,Master Sergeant,25,1407,2000-11-10,2018-7-21,429,891,91
22,Soren,Ortiz,Corporal,24,1859,2005-7-9,2011-11-9,12,757,705
23,Jairo,Grant,Specialist,42,1617,2007-5-26,2015-7-4,110,260,327
24,Reed,Snyder,Sergeant First Class,41,1905,2002-6-8,2004-9-25,690,270,294
25,Benjamin,Nguyen,First Sergeant,21,1188,2008-3-20,2019-9-6,698,470,579
26,Holden,Arroyo,Sergeant First Class,24,1777,2011-8-22,2014-10-2,379,452,515
27,Brandon,Owens,Staff Sergeant,31,1029,2012-6-9,2019-12-18,941,487,410
28,Jason,Ayala,Staff Sergeant,41,1260,2015-10-27,2017-3-4,928,733,426
29,Phillip,Valdez,Private,24,1186,2001-4-20,2018-9-18,251,890,812
30,Killian,Richardson,First Sergeant,30,1169,2000-8-22,2003-8-17,405,728,691
31,Moses,Lamb,First Sergeant,39,1934,2012-10-19,2018-3-28,990,684,190
32,Joaquin,Ayala,Private,25,1421,2007-6-25,2012-7-26,499,283,700
33,Alijah,Watts,Master Sergeant,32,1440,2002-11-12,2014-7-6,21,900,780
34,Matthias,Monroe,Staff Sergeant,24,1993,2005-7-12,2016-7-12,587,189,694
35,Pedro,Harrison,Sergeant,31,1299,2003-9-3,2012-1-9,97,861,854
36,Alijah,Tyler,First Sergeant,28,1928,2010-1-20,2017-10-26,346,489,397
37,Noah,Harrell,Private,37,1439,2001-7-16,2013-5-10,793,413,321
38,Jose,Costa,Private,33,1268,2000-7-17,2005-9-21,309,898,276
39,Finnegan,Edwards,First Sergeant,22,1798,2008-6-7,2018-1-5,300,201,547
40,Ramiro,Beasley,Private,20,1002,2007-3-21,2012-12-1,27,884,211
41,Rishi,Tucker,First Sergeant,21,1049,2006-11-12,2010-8-15,729,181,140
42,Ramiro,Harrell,Private,36,1273,2013-4-18,2019-2-4,610,682,144
43,Byron,Woods,Master Sergeant,25,1364,2002-8-12,2008-11-21,142,666,44
44,Peyton,Farmer,Corporal,44,1151,2009-2-14,2014-5-7,383,852,297
45,Ignacio,Leach,Corporal,30,1995,2008-5-10,2013-8-11,206,447,268
46,Damarion,Haynes,Private,21,1834,2006-3-22,2012-12-15,800,600,238
47,Eddie,Snyder,Staff Sergeant,26,1698,2000-4-16,2008-12-25,469,646,603
48,Makhi,Leach,Master Sergeant,43,1798,2008-5-21,2012-5-18,604,617,810
49,Ryland,Oliver,Sergeant First Class,34,1270,2011-8-14,2016-10-5,552,483,165
50,Memphis,Byrd,Private,22,1979,2006-4-3,2017-5-21,904,601,555
51,Lucas,Brady,Specialist,27,1462,2008-4-8,2009-12-23,531,656,847
52,Cayden,Hood,First Sergeant,33,1714,2007-6-10,2018-11-1,384,499,481
53,John,Massey,Master Sergeant,20,1761,2015-3-19,2019-1-15,709,20,106
54,Rocco,Craig,Sergeant,24,1100,2012-9-23,2017-11-7,394,92,678
55,Killian,Steele,Sergeant First Class,26,1407,2000-1-20,2007-11-5,842,789,197
56,Douglas,Mcmahon,Master Sergeant,37,1833,2016-2-7,2019-8-25,481,5,253
57,Killian,Osborne,Staff Sergeant,24,1005,2007-11-21,2010-7-1,224,741,904
58,Elijah,Goodwin,Corporal,37,1440,2000-9-17,2009-5-12,354,444,968
59,Memphis,Hood,Specialist,26,1402,2006-6-15,2015-11-10,281,747,350
60,Peyton,Harrell,Sergeant,26,1115,2006-10-19,2014-4-1,901,198,888
61,Mike,Gibson,Master Sergeant,38,1514,2004-10-3,2015-1-26,167,349,581
62,James,Steele,Staff Sergeant,39,1166,2002-8-23,2017-6-4,586,383,985
63,Jason,West,Specialist,26,1765,2011-8-17,2017-12-26,767,537,577
64,James,Li,Sergeant,34,1439,2006-2-24,2017-6-4,446,50,751
65,George,Burton,Corporal,28,1939,2001-4-1,2010-6-26,877,670,925
66,Joe,Brady,Sergeant First Class,29,1496,2015-1-17,2016-5-8,465,978,334
67,Andrew,Cox,Sergeant First Class,29,1706,2008-8-24,2008-10-22,652,148,243
68,Makhi,Swanson,Private,43,1831,2010-10-21,2014-10-8,671,167,866
69,Liam,Graves,Master Sergeant,44,1004,2011-5-20,2017-4-10,938,75,199
70,Douglas,Monroe,Master Sergeant,38,1341,2002-4-19,2007-2-23,298,437,668
71,Silas,Nolan,Specialist,40,1048,2013-10-15,2014-2-16,89,464,831
72,Oliver,Arellano,Corporal,33,1992,2005-12-26,2006-9-2,255,953,390
73,Bob,Dennis,Corporal,38,1435,2017-11-15,2018-10-9,930,8,514
74,Donald,Richmond,Corporal,30,1209,2011-10-18,2017-5-1,58,178,518
75,Kadyn,Richardson,Corporal,30,1048,2007-2-25,2008-9-23,723,834,448
76,Soren,Cannon,Master Sergeant,37,1308,2012-11-26,2016-6-11,245,317,310
77,Thaddeus,Beasley,Private First Class,28,1505,2012-7-8,2015-1-7,248,548,480
78,Raymond,Valdez,Sergeant First Class,31,1978,2005-3-18,2012-10-25,497,185,732
79,Isai,West,Staff Sergeant,28,1740,2008-6-20,2011-1-15,624,905,965
80,Jackson,Graves,Staff Sergeant,24,1669,2004-11-28,2014-1-8,237,896,50
81,Karter,Reilly,Specialist,25,1922,2007-5-5,2015-12-23,5,623,9
82,Beckett,Arroyo,Corporal,27,1033,2005-4-16,2017-10-25,164,2,947
83,Bridger,Holden,Private First Class,41,1674,2002-2-3,2012-5-5,931,949,264
84,Tristen,Park,First Sergeant,32,1144,2002-2-17,2012-4-4,385,171,358
85,Silas,Craig,Corporal,21,1822,2010-11-15,2015-2-22,403,154,703
86,Sam,Riggs,Sergeant First Class,23,1245,2001-1-15,2003-2-22,776,161,498
87,Alijah,Bentley,Private First Class,23,1273,2002-2-19,2019-12-10,963,466,931
88,Blaze,Bruce,Private,42,1694,2014-3-15,2015-3-4,741,842,938
89,Dexter,Holden,Specialist,25,1793,2009-10-4,2013-6-13,287,693,903
90,Douglas,Conner,First Sergeant,24,1631,2014-9-24,2016-4-20,376,867,986
91,Brendon,Haynes,Sergeant First Class,35,1624,2009-6-7,2013-11-23,758,266,103
92,Andrew,Osborne,Corporal,24,1999,2011-5-15,2017-11-4,310,262,761
93,Brandon,Proctor,Corporal,38,1573,2004-2-7,2016-1-28,663,291,838
94,Reed,Holloway,Staff Sergeant,27,1202,2003-8-16,2007-1-5,297,893,789
95,Rocco,Lozano,Sergeant Major,22,1393,2000-7-26,2016-2-6,232,930,649
96,Jackson,Arroyo,Corporal,33,1990,2002-5-9,2010-8-27,102,311,16
97,Tommy,Richmond,Staff Sergeant,40,1063,2010-2-23,2017-8-28,737,752,570
98,Ethan,Harrell,Private,36,1560,2015-6-11,2017-2-2,386,751,219
99,Spencer,Bowman,Sergeant,35,1987,2001-6-12,2012-2-3,342,241,845
100,Hunter,Watts,Master Sergeant,41,1149,2015-5-3,2016-6-9,890,352,365
101,Killian,Sandoval,Sergeant First Class,32,1087,2010-4-7,2013-12-2,621,187,545
102,Jose,Watts,First Sergeant,27,1896,2001-10-17,2017-12-23,146,976,999
103,Damarion,Gibson,Specialist,42,1886,2010-12-11,2016-3-15,127,11,205
104,Adrien,Ortiz,Private,25,1163,2004-9-1,2011-12-18,107,373,532
105,Zion,Beasley,First Sergeant,41,1495,2000-7-5,2003-3-28,38,334,992
106,Tate,Wilkerson,Corporal,22,1043,2007-3-17,2019-5-26,42,307,861
107,Moses,Chung,Corporal,39,1440,2002-10-13,2010-10-24,697,385,834
108,Brandon,Chung,Staff Sergeant,41,1513,2001-2-25,2001-5-19,16,131,112
109,Evan,Carson,Corporal,29,1934,2001-8-14,2016-4-18,707,6,499
110,James,Bowman,Specialist,26,1137,2007-3-23,2016-5-16,900,73,308
111,Joel,Leach,Specialist,35,1405,2003-10-10,2016-5-10,570,40,919
112,Cedric,Harrell,Sergeant,27,1672,2005-3-5,2010-11-10,710,799,155
113,Rocco,Patrick,Specialist,32,1672,2016-11-16,2017-4-25,926,810,997
114,Dexter,Coffey,Specialist,41,1494,2002-5-21,2002-10-25,627,140,741
115,Rishi,Li,Private,43,1502,2014-3-19,2016-8-18,210,897,922
116,Jackson,Cantrell,Corporal,44,1407,2009-5-6,2011-12-25,976,174,822
117,William,Snyder,Private,44,1961,2000-2-17,2019-10-2,970,298,356
118,Tristen,Gibson,Private,40,1265,2004-7-1,2019-8-3,888,938,181
119,Dexter,Burns,Private First Class,21,1571,2000-2-19,2012-5-25,366,946,710
120,Liam,Hood,Private First Class,31,1348,2000-3-20,2002-4-8,301,477,759
121,Jorden,Schultz,Sergeant First Class,22,1621,2007-6-19,2013-7-24,822,966,781
122,Joel,Cox,Master Sergeant,42,1437,2009-2-11,2017-7-9,381,911,612
123,Adolf,Woods,Staff Sergeant,43,1847,2006-9-16,2007-8-20,917,822,936
124,Andy,Harrell,Private First Class,23,1448,2000-4-22,2008-6-17,983,143,27
125,Rishi,Grant,Sergeant,23,1386,2010-9-7,2017-1-6,980,746,622
126,Matthias,Tyler,Private,39,1658,2004-5-6,2018-7-9,513,442,443
127,Thomas,Cunningham,Staff Sergeant,43,1143,2008-7-7,2018-3-26,55,299,226
128,Evan,Bentley,First Sergeant,27,1906,2009-12-11,2012-3-24,174,717,227
129,Phillip,Richardson,Sergeant,28,1573,2006-12-20,2018-5-25,131,169,853
130,Thomas,Grant,Staff Sergeant,38,1425,2006-10-27,2013-2-28,1,916,24
131,Cayden,Leach,Corporal,35,1894,2003-9-17,2016-8-20,804,744,236
132,Jett,Berg,Sergeant Major,42,1437,2009-7-2,2015-5-1,378,289,209
133,Benjamin,Ortiz,Sergeant First Class,34,1823,2000-4-17,2019-7-23,389,675,383
134,Ignacio,Bowman,Corporal,35,1590,2007-6-27,2007-7-21,617,293,395
135,James,Patrick,Corporal,23,1416,2016-2-22,2019-2-8,98,910,979
136,Joaquin,Beasley,First Sergeant,36,1413,2012-4-10,2018-12-14,894,34,811
137,Eddie,Massey,Sergeant First Class,40,1317,2005-9-8,2011-4-18,113,908,580
138,Donald,Cunningham,Specialist,23,1204,2000-2-12,2003-5-19,695,497,474
139,Rocco,Mcmahon,Private First Class,39,1893,2000-2-18,2003-10-6,306,580,210
140,Douglas,Brady,Specialist,36,1591,2006-5-6,2007-12-17,989,692,535
141,Liam,Lozano,Corporal,43,1159,2012-5-15,2019-4-21,458,612,409
142,James,Price,Staff Sergeant,28,1228,2008-4-5,2018-12-25,233,697,533
143,Wyatt,Dennis,First Sergeant,42,1757,2008-2-25,2016-11-2,785,130,207
144,Soren,Burton,Sergeant First Class,35,1519,2006-5-15,2017-8-26,229,510,421
145,Cayden,Price,Specialist,43,1389,2000-1-18,2003-2-22,912,384,464
146,Pedro,Bruce,Master Sergeant,35,1220,2012-8-3,2018-6-16,933,312,597
147,Thomas,Beasley,Master Sergeant,25,1601,2004-2-4,2015-8-26,789,706,772
148,Sam,Sawyer,Staff Sergeant,38,1608,2005-1-28,2005-8-4,20,448,869
149,Draven,Monroe,Private,43,1129,2005-2-16,2015-1-20,136,162,251
150,William,Bruce,Master Sergeant,32,1712,2018-9-13,2019-1-11,661,495,939
151,Killian,Holloway,Sergeant Major,44,1573,2001-12-3,2006-6-17,472,917,896
152,Rishi,Sherman,Master Sergeant,34,1708,2000-7-7,2003-6-16,911,42,166
153,Mason,Strong,Specialist,21,1248,2010-1-23,2013-12-25,95,109,610
154,Killian,Arellano,Master Sergeant,28,1965,2007-7-26,2013-4-4,642,503,894
155,Jett,Snyder,Staff Sergeant,23,1550,2001-7-6,2017-7-14,195,136,654
156,Barack,Harmon,Private,33,1530,2007-6-22,2011-12-14,336,366,241
157,Benjamin,Leach,Sergeant Major,22,1886,2007-6-19,2009-2-7,818,256,401
158,Brice,Swanson,Master Sergeant,37,1114,2002-3-28,2005-4-14,967,882,829
159,Beckett,Beasley,Master Sergeant,21,1416,2000-6-17,2005-7-11,946,52,994
160,George,Carson,Corporal,31,1606,2008-1-21,2012-5-13,510,435,863
161,Caden,Grant,Master Sergeant,30,1037,2000-5-28,2017-5-5,824,732,80
162,Soren,Mclean,Specialist,27,1262,2003-9-15,2019-12-20,421,215,957
163,Evan,Gallagher,Sergeant,36,1243,2002-6-15,2008-5-11,488,763,958
164,John,Strong,Master Sergeant,35,1894,2008-2-23,2019-6-3,86,316,589
165,Landin,Massey,Corporal,25,1119,2011-11-12,2013-6-4,747,462,298
166,Donald,Leach,Sergeant Major,44,1603,2003-3-20,2009-2-2,929,237,391
167,Jensen,Franco,Private First Class,44,1214,2009-6-23,2015-1-2,563,517,791
168,Tristen,Mclean,Sergeant First Class,20,1222,2010-12-15,2012-7-18,94,234,796
169,Brandon,Richardson,Corporal,21,1190,2003-11-11,2008-7-23,719,434,687
170,Noah,Sawyer,Sergeant Major,33,1415,2008-8-25,2010-11-14,585,31,623
171,Killian,Mclean,Master Sergeant,32,1405,2004-4-1,2010-1-8,165,592,273
172,Jairo,Schultz,Sergeant First Class,32,1555,2000-1-18,2008-6-19,175,902,12
173,Draven,Paul,Sergeant First Class,26,1967,2009-1-8,2014-10-1,681,277,15
174,Blaze,Atkins,Sergeant First Class,28,1557,2004-4-7,2012-5-26,529,819,364
175,Caden,Knox,Master Sergeant,27,1439,2004-11-13,2016-5-27,752,650,29
176,Draven,Yu,Specialist,23,1777,2007-11-1,2012-2-24,549,278,892
177,Zion,Owens,Specialist,44,1521,2003-10-14,2010-5-20,924,914,553
178,Chase,Ortiz,Staff Sergeant,41,1667,2004-7-15,2016-5-1,398,122,766
179,Joe,Sawyer,Sergeant First Class,37,1104,2009-8-26,2010-8-4,272,615,787
180,Wyatt,Ayala,First Sergeant,41,1139,2017-2-25,2019-5-22,534,812,348
181,William,Graves,Sergeant First Class,33,1150,2012-2-7,2012-3-27,303,33,62
182,Victor,Harrison,Sergeant,36,1761,2004-10-27,2005-6-13,153,259,111
183,Holden,Price,Master Sergeant,35,1261,2008-10-15,2013-12-21,456,866,588
184,Rey,Harmon,Private First Class,29,1587,2006-6-15,2019-1-6,536,157,557
185,Soren,Price,Sergeant,32,1097,2002-5-24,2018-6-23,269,488,524
186,Caden,Harmon,Sergeant,31,1613,2008-10-17,2011-4-25,221,561,878
187,Alijah,Knox,Specialist,25,1690,2017-10-25,2018-2-23,599,805,681
188,Marvin,Patrick,Master Sergeant,26,1608,2006-3-13,2017-7-4,218,671,54
189,Jairo,Park,First Sergeant,23,1619,2013-10-26,2017-10-5,957,395,881
190,Victor,Park,Master Sergeant,33,1349,2001-9-4,2019-10-23,203,739,372
191,Thomas,Riggs,Sergeant First Class,31,1722,2002-3-9,2014-3-9,185,249,153
192,Ryland,Burton,Private First Class,27,1515,2005-4-10,2011-2-7,790,935,341
193,Hunter,Sandoval,First Sergeant,25,1897,2000-1-16,2014-4-22,720,798,954
194,Zion,Monroe,Sergeant First Class,42,1195,2000-3-27,2007-10-3,874,54,352
195,Cedric,Park,Master Sergeant,40,1785,2004-2-3,2009-4-22,815,99,163
196,Kale,Swanson,Master Sergeant,24,1977,2003-3-27,2004-8-28,33,348,311
197,Eddie,Costa,First Sergeant,27,1543,2000-8-12,2016-11-1,308,754,504
198,Noah,Harmon,Master Sergeant,38,1085,2002-5-17,2017-8-7,841,111,632
199,Tommy,Yu,Private,25,1667,2013-10-11,2018-4-24,484,36,303
200,Zion,Franco,Sergeant Major,27,1539,2007-7-11,2018-12-21,13,737,607
201,Spencer,Cunningham,First Sergeant,26,1038,2000-3-26,2005-12-26,978,240,87
202,James,Tucker,First Sergeant,34,1666,2008-1-23,2009-5-17,493,400,320
203,Evan,Dennis,Corporal,43,1102,2000-9-1,2009-2-15,177,292,396
204,Moses,Proctor,First Sergeant,31,1117,2005-5-23,2016-4-28,683,315,800
205,Peyton,Craig,Sergeant First Class,43,1899,2014-6-16,2016-10-19,140,30,512
206,Liam,Conner,Master Sergeant,38,1546,2006-3-16,2006-11-10,954,433,417
207,Kadyn,Riggs,Corporal,37,1152,2010-5-26,2013-5-25,11,794,289
208,Adrien,Massey,Sergeant,43,1874,2001-2-8,2002-5-15,814,318,179
209,Cedric,Paul,Staff Sergeant,30,1733,2000-11-26,2008-11-10,554,336,263
210,Ethan,Bowman,Private,29,1552,2001-7-23,2013-10-22,568,227,35
211,Ryland,Burton,Sergeant Major,26,1587,2001-8-17,2019-2-17,873,192,731
212,Victor,Arellano,First Sergeant,42,1786,2001-9-2,2004-1-20,577,758,380
213,Holden,Bruce,Sergeant First Class,43,1001,2009-6-26,2009-12-2,667,664,422
214,Matthias,Mccall,First Sergeant,21,1162,2002-11-26,2003-2-13,351,542,147
215,Benjamin,Arroyo,Specialist,41,1905,2011-1-6,2016-11-1,147,12,778
216,Alijah,Schmidt,Private,43,1007,2005-1-12,2016-5-8,504,116,682
217,Thaddeus,Mclean,Sergeant,37,1171,2001-12-8,2019-3-4,317,377,666
218,Alijah,Bowman,Sergeant Major,38,1351,2012-2-23,2018-4-14,953,339,381
219,Jackson,Burgess,Corporal,36,1222,2003-10-1,2004-12-6,561,565,74
220,Ignacio,Harrell,Sergeant Major,34,1836,2003-1-14,2010-11-27,701,539,784
221,Douglas,Harrell,First Sergeant,27,1655,2003-10-4,2007-2-26,205,220,849
222,Mike,Bruce,Private,28,1303,2001-2-12,2011-3-20,744,155,370
223,Tate,Goodwin,First Sergeant,43,1327,2007-12-12,2011-10-15,328,132,201
224,Sam,Valdez,Staff Sergeant,36,1419,2017-3-21,2017-7-27,971,57,83
225,Liam,Bentley,Private,44,1306,2001-3-1,2019-7-26,869,848,425
226,Adolf,Arellano,Sergeant Major,40,1887,2017-8-6,2018-2-17,634,304,335
227,Manuel,Valdez,Sergeant First Class,29,1011,2004-8-11,2019-8-21,555,320,138
228,Evan,Owens,Staff Sergeant,34,1050,2001-5-14,2009-12-11,645,640,438
229,Jason,Harrell,Sergeant First Class,34,1534,2000-9-2,2001-5-11,958,406,26
230,Ryland,Lamb,Corporal,44,1091,2008-9-8,2018-11-15,277,39,528
231,Draven,Mcmahon,Corporal,24,1070,2009-1-27,2014-5-26,981,544,720
232,Damarion,Holloway,Sergeant,20,1751,2001-9-20,2016-2-19,722,802,146
233,Barack,Lamb,Private,37,1275,2015-8-1,2017-9-4,588,839,99
234,Dylan,Paul,Sergeant Major,44,1673,2008-2-20,2016-12-13,889,474,434
235,Amir,Bentley,First Sergeant,44,1874,2011-7-11,2011-9-3,735,210,115
236,Matthias,Underwood,Sergeant,22,1073,2001-3-16,2011-9-8,246,37,663
237,Thaddeus,Owens,Private First Class,41,1949,2009-7-17,2019-1-17,449,297,711
238,Isai,Proctor,First Sergeant,41,1409,2009-7-19,2019-2-21,437,238,567
239,Victor,Burgess,Master Sergeant,28,1262,2004-1-1,2009-4-17,868,899,637
240,Byron,Franco,Sergeant First Class,36,1524,2014-2-25,2018-2-11,517,426,633
241,Rey,Cox,First Sergeant,31,1433,2006-12-17,2011-8-4,700,818,75
242,Brendon,Conner,Private,24,1806,2001-1-13,2016-10-2,545,481,801
243,Sam,Carson,Private,33,1883,2002-3-6,2003-6-14,468,153,935
244,Damarion,Steele,Private,25,1957,2016-9-16,2017-9-16,808,887,825
245,Brandon,Ayala,Specialist,23,1419,2009-8-28,2015-2-26,502,705,458
246,Tristen,Beasley,Corporal,22,1093,2005-1-5,2008-6-10,498,500,628
247,Tate,Steele,Staff Sergeant,28,1228,2004-8-2,2010-12-17,25,321,636
248,Jason,Lamb,Private,27,1885,2006-3-23,2018-10-19,80,394,848
249,Rishi,Cannon,Corporal,25,1244,2009-10-24,2017-7-19,916,889,969
250,Eddie,Bowman,Master Sergeant,27,1761,2004-10-24,2017-1-24,194,327,670
251,Sam,Conner,Specialist,30,1646,2005-10-15,2012-5-1,799,659,385
252,Liam,Mcmahon,Specialist,37,1013,2000-1-1,2006-1-28,323,195,982
253,Moses,Hoover,First Sergeant,27,1812,2004-12-17,2016-11-15,801,729,653
254,Matthias,Price,Sergeant Major,25,1430,2007-2-19,2011-10-6,331,667,274
255,Andrew,Lambert,Master Sergeant,32,1052,2015-10-24,2018-2-20,292,16,326
256,Thomas,Hendricks,First Sergeant,27,1121,2012-10-28,2017-5-21,860,753,476
257,Eddie,Bowman,Sergeant Major,23,1422,2005-1-11,2008-1-25,256,158,1
258,Noah,Ayala,Specialist,26,1212,2007-9-14,2016-5-1,998,651,46
259,Brendon,Dennis,Sergeant Major,28,1472,2002-2-23,2007-12-18,345,967,465
260,Joel,Cherry,Sergeant,20,1688,2007-3-8,2018-9-11,184,824,639
261,Andrew,Ponce,Private First Class,23,1365,2013-5-24,2016-3-20,388,759,369
262,Kale,Harrison,Private First Class,35,1084,2006-9-9,2008-4-4,819,685,843
263,Tristen,Conner,Sergeant Major,28,1842,2002-6-13,2003-1-25,296,123,793
264,Amir,Berg,Staff Sergeant,28,1057,2012-8-21,2015-6-24,408,322,280
265,Joe,Harrell,Staff Sergeant,23,1801,2010-8-11,2013-10-27,370,558,819
266,Peyton,Liu,Private,40,1933,2008-10-16,2010-11-15,72,943,582
267,Marvin,Swanson,Sergeant Major,24,1386,2009-6-23,2019-9-8,520,344,740
268,Landin,Roth,Specialist,22,1458,2002-1-3,2015-7-10,851,972,374
269,Liam,Dennis,Private,30,1338,2006-7-15,2010-3-18,402,853,333
270,Douglas,Mccall,Master Sergeant,36,1446,2007-7-3,2011-2-28,594,21,247
271,Holden,Hood,Sergeant First Class,43,1793,2013-11-19,2018-8-26,755,645,463
272,Joe,Mcmahon,Master Sergeant,35,1618,2018-7-7,2019-1-15,854,707,862
273,Landin,Kidd,Private,27,1872,2014-9-27,2015-11-4,219,150,246
274,George,Bentley,Sergeant Major,42,1019,2014-12-16,2018-5-11,409,587,96
275,Ryland,Sandoval,Private,29,1221,2001-1-2,2016-4-1,169,138,315
276,Adolf,Kidd,Staff Sergeant,20,1471,2012-8-2,2016-4-11,696,803,525
277,Joaquin,Valdez,Specialist,42,1816,2001-12-25,2009-3-19,486,370,7
278,Isai,Patrick,Private,30,1296,2001-9-20,2016-6-13,853,590,133
279,Landin,Paul,Sergeant,26,1960,2017-9-24,2019-1-9,607,955,31
280,Brandon,Moore,Private,25,1661,2004-4-25,2009-12-23,213,179,738
281,Spencer,Valdez,Staff Sergeant,22,1416,2012-1-7,2019-12-12,633,276,351
282,Adolf,Lozano,Private,40,1440,2007-10-19,2014-6-17,64,959,325
283,Jorden,Gibson,Staff Sergeant,24,1020,2006-6-11,2015-10-2,914,182,763
284,George,Proctor,Sergeant,42,1270,2002-8-26,2015-3-18,565,47,118
285,Zion,Strong,Master Sergeant,42,1197,2001-12-21,2014-2-25,93,82,769
286,Andy,Sandoval,Corporal,22,1882,2016-8-26,2019-5-5,353,362,248
287,Barack,Martinez,Sergeant,32,1260,2011-6-12,2013-5-3,158,114,260
288,Memphis,Gallagher,Private First Class,40,1514,2004-1-1,2004-1-24,101,94,516
289,Adrien,Patrick,Sergeant Major,28,1807,2019-8-18,2019-12-18,252,35,712
290,David,Ortiz,Staff Sergeant,31,1732,2008-8-2,2016-5-23,810,700,278
291,Rey,Reilly,First Sergeant,40,1580,2008-10-8,2017-12-13,615,825,220
292,George,Graves,Sergeant First Class,31,1833,2003-1-12,2007-2-13,423,518,235
293,Ramiro,Holloway,Sergeant First Class,32,1180,2000-8-15,2006-12-16,235,736,974
294,George,Cherry,Master Sergeant,25,1452,2010-12-23,2017-12-17,242,965,218
295,Killian,Knox,Corporal,35,1871,2009-1-22,2014-5-8,104,598,174
296,Brandon,Lambert,Sergeant,22,1657,2005-7-5,2009-3-15,897,361,25
297,Brendon,Goodwin,First Sergeant,37,1259,2011-8-6,2018-2-28,518,674,340
298,Andres,Patrick,First Sergeant,42,1011,2013-8-25,2014-12-1,190,288,296
299,Finnegan,Cantrell,Specialist,23,1547,2003-9-16,2012-12-26,567,183,835
300,Moses,Graves,Private,30,1738,2014-9-26,2016-9-2,515,319,912
301,Cayden,Berg,Sergeant Major,29,1713,2002-6-16,2018-5-21,913,622,440
302,Matthias,Schultz,Sergeant Major,23,1102,2001-2-10,2010-11-13,641,346,841
303,Ayaan,Yu,Private,35,1521,2005-9-27,2018-1-28,600,221,447
304,Jackson,Coffey,Master Sergeant,44,1577,2006-10-22,2009-6-15,37,509,449
305,Bridger,Patrick,Staff Sergeant,32,1706,2007-5-14,2015-12-25,831,694,17
306,Makhi,Brady,First Sergeant,23,1215,2004-3-22,2015-12-26,239,932,596
307,Beckett,Meza,Master Sergeant,29,1290,2002-10-4,2017-3-3,660,593,742
308,Joe,Berg,Master Sergeant,23,1642,2004-4-25,2019-5-3,702,868,382
309,Silas,Paul,First Sergeant,38,1231,2007-9-6,2015-9-7,265,117,359
310,Thomas,Graves,Staff Sergeant,28,1670,2006-5-21,2010-4-2,712,86,973
311,Caden,Craig,Master Sergeant,39,1835,2004-6-23,2006-4-14,936,980,836
312,Bob,Franco,First Sergeant,35,1945,2006-1-26,2010-9-17,369,257,734
313,Braeden,Underwood,Master Sergeant,43,1368,2004-3-16,2005-10-4,846,28,495
314,Evan,Hood,Staff Sergeant,36,1550,2000-7-7,2016-9-3,608,562,942
315,Evan,Brady,Sergeant First Class,22,1452,2007-9-3,2013-10-13,461,918,185
316,Jairo,Cherry,Sergeant First Class,38,1456,2007-6-27,2013-6-24,508,585,593
317,Tate,Schmidt,First Sergeant,41,1943,2006-7-24,2012-12-23,318,428,116
318,Jose,Beasley,First Sergeant,40,1692,2002-11-18,2005-1-4,939,654,353
319,Killian,Harrell,Master Sergeant,38,1722,2001-2-24,2015-9-12,56,709,293
320,Landin,Reyes,Sergeant,35,1635,2006-7-14,2008-5-10,526,835,978
321,Kyler,Gibson,Corporal,31,1210,2007-7-23,2008-6-13,684,800,802
322,Donald,Hoover,Specialist,23,1783,2006-3-17,2011-2-22,406,522,790
323,Sam,Reyes,Specialist,36,1646,2001-6-28,2002-3-19,557,782,405
324,Rishi,Grant,Staff Sergeant,44,1018,2005-1-19,2015-2-15,611,135,998
325,Ramiro,Steele,Sergeant First Class,39,1475,2009-3-25,2019-6-22,155,637,418
326,Efrain,Franco,Sergeant,42,1048,2001-9-25,2011-1-27,813,23,568
327,Rocco,Byrd,Private First Class,42,1425,2002-10-21,2011-4-22,261,472,375
328,Bob,Cherry,Corporal,22,1518,2001-11-3,2010-2-2,103,273,94
329,Elijah,Cox,Staff Sergeant,44,1428,2003-4-28,2006-5-20,614,25,695
330,Chase,Wilkerson,Sergeant First Class,29,1225,2011-12-13,2013-11-17,157,715,486
331,Evan,Watts,First Sergeant,20,1690,2009-12-13,2014-1-28,29,309,964
332,William,Cantrell,Specialist,38,1086,2006-6-15,2007-4-25,817,110,692
333,Matthias,Burgess,Private First Class,24,1523,2007-6-6,2016-1-16,672,683,631
334,Tommy,Lamb,Private First Class,35,1085,2002-1-15,2008-2-3,626,412,989
335,John,Reyes,Sergeant,31,1646,2004-11-21,2007-2-21,4,575,898
336,Cedric,Wilkerson,Private,29,1735,2002-10-17,2013-7-17,872,364,893
337,Reed,Valdez,Staff Sergeant,25,1176,2006-1-18,2018-11-20,276,60,494
338,Eddie,Snyder,Corporal,42,1645,2002-3-18,2017-6-17,341,873,22
339,Mike,Craig,Corporal,36,1534,2004-6-12,2005-1-26,803,62,349
340,Liam,Harmon,Sergeant,39,1505,2000-8-16,2005-6-14,399,875,673
341,Eddie,Knox,Corporal,35,1624,2003-9-11,2005-3-25,133,942,794
342,Damarion,Nolan,Specialist,21,1303,2007-1-7,2007-3-5,503,688,507
343,Victor,Woods,Sergeant First Class,43,1615,2002-7-21,2011-11-9,32,696,110
344,Reed,Swanson,Corporal,36,1289,2014-9-6,2019-2-1,112,686,910
345,Tate,Costa,Sergeant,43,1515,2002-8-16,2005-4-28,183,134,271
346,Jensen,Ayala,Private,41,1362,2001-6-20,2011-10-25,844,4,117
347,Tristen,Underwood,Staff Sergeant,30,1611,2002-3-11,2010-9-18,373,419,799
348,William,Wilkerson,Specialist,42,1433,2002-12-19,2014-12-22,262,387,430
349,Jett,Tyler,Staff Sergeant,38,1913,2006-2-9,2015-10-8,769,127,747
350,Tate,Mclean,Specialist,42,1785,2001-4-9,2002-10-21,314,219,156
351,Oliver,Lamb,Sergeant,35,1151,2003-2-10,2008-3-26,711,787,160
352,Manuel,Patrick,Staff Sergeant,34,1835,2005-5-17,2019-3-8,222,205,482
353,Damarion,Schmidt,Sergeant,35,1142,2011-8-16,2016-10-5,413,777,131
354,Kyler,Bowman,Specialist,42,1896,2005-3-4,2019-12-5,435,230,852
355,Chase,Chung,Specialist,30,1459,2006-6-13,2008-7-11,896,613,129
356,Byron,Bruce,Master Sergeant,41,1772,2011-11-19,2016-4-18,273,994,216
357,Moses,Mccall,Specialist,33,1728,2009-2-25,2009-5-26,748,290,736
358,Kyler,Kidd,Corporal,38,1238,2007-9-18,2016-12-3,782,536,304
359,Phillip,Woods,Corporal,41,1032,2004-10-5,2005-10-11,647,912,130
360,Jett,Owens,Master Sergeant,27,1565,2003-8-7,2008-8-15,956,397,233
361,Wyatt,Hendricks,Private First Class,25,1829,2013-4-26,2015-2-3,665,244,212
362,Brandon,Beasley,First Sergeant,22,1666,2008-9-24,2011-5-7,875,199,527
363,Jorden,Owens,Staff Sergeant,21,1744,2000-4-22,2012-6-6,43,287,864
364,Raymond,Holden,Sergeant,25,1504,2002-1-17,2002-10-6,84,784,204
365,Wyatt,Reyes,Specialist,27,1347,2005-1-16,2009-12-28,474,695,20
366,Zion,Price,First Sergeant,23,1127,2008-5-26,2011-8-2,943,233,855
367,Byron,Byrd,Private,23,1423,2013-6-10,2019-5-22,960,627,455
368,Ayaan,Cherry,Private,25,1652,2010-2-13,2018-11-17,122,557,511
369,Ayaan,Hendricks,Private,40,1669,2003-11-21,2016-11-14,489,19,972
370,Andrew,Arellano,Master Sergeant,31,1234,2004-1-27,2008-1-10,768,222,750
371,Blaze,Hoover,Private First Class,40,1865,2010-2-6,2011-2-3,714,507,1000
372,Brendon,Tyler,Private,21,1862,2004-5-8,2006-10-1,150,71,384
373,Wyatt,Hoover,Corporal,33,1430,2011-4-28,2019-8-18,71,459,899
374,Beckett,Nolan,Private First Class,29,1160,2001-2-1,2004-10-24,745,639,660
375,Victor,Edwards,Sergeant Major,27,1917,2004-12-20,2013-9-25,253,553,223
376,Jett,Oliver,Sergeant Major,41,1818,2004-1-14,2019-10-12,837,7,282
377,Jairo,Liu,Sergeant First Class,23,1001,2012-12-28,2015-6-4,771,229,331
378,Mason,Price,Sergeant First Class,28,1054,2003-8-28,2019-6-28,537,417,126
379,Caden,Hood,Master Sergeant,22,1637,2001-6-26,2005-7-9,350,473,444
380,Jose,Lambert,First Sergeant,34,1626,2013-11-20,2017-2-21,975,820,875
381,Adrien,Harmon,Private First Class,31,1756,2005-1-7,2014-8-28,569,559,437
382,Silas,Lambert,Corporal,36,1042,2006-11-1,2016-10-5,316,193,664
383,Ayaan,Steele,First Sergeant,43,1151,2003-1-27,2007-4-22,724,643,995
384,Reed,Richmond,Sergeant,33,1700,2011-12-20,2012-8-2,653,280,839
385,Wyatt,Harrison,Sergeant Major,20,1612,2001-9-8,2005-12-27,83,440,792
386,Makhi,Berg,Master Sergeant,26,1209,2003-8-27,2015-5-28,682,606,981
387,Duncan,Yu,Sergeant Major,25,1756,2004-7-8,2016-5-6,334,264,872
388,William,Ortiz,Corporal,20,1010,2017-3-5,2018-10-26,519,974,897
389,Hunter,Hoover,Private,36,1102,2000-12-3,2011-5-12,754,726,423
390,David,Sawyer,Private First Class,41,1270,2001-8-8,2010-6-5,49,854,456
391,Bob,Dennis,Corporal,30,1296,2004-10-11,2005-1-6,215,310,630
392,Tommy,Merritt,First Sergeant,29,1785,2004-11-18,2012-8-20,781,69,357
393,Jose,Harmon,Master Sergeant,40,1065,2014-4-3,2018-2-13,500,919,420
394,Evan,Ayala,Sergeant Major,34,1144,2011-10-12,2012-1-20,952,306,859
395,Jason,Dennis,Private First Class,22,1311,2005-1-9,2013-10-21,736,714,266
396,Manuel,Shah,Staff Sergeant,24,1135,2013-12-13,2014-2-27,108,121,850
397,Moses,Berg,Private,24,1974,2004-2-2,2009-7-4,393,513,332
398,Dexter,Cunningham,Sergeant First Class,34,1061,2010-11-27,2019-2-3,434,578,362
399,Wyatt,Patrick,Corporal,31,1721,2004-9-22,2018-2-28,693,245,307
400,Soren,Steele,Sergeant Major,39,1659,2008-2-8,2019-4-2,559,274,945
401,Matthias,Brady,Private,43,1731,2007-8-24,2009-3-6,490,876,415
402,Ethan,Paul,Private,20,1996,2007-8-25,2018-7-8,619,968,785
403,Isai,Liu,Sergeant First Class,31,1336,2007-7-22,2015-10-22,494,529,821
404,Phillip,Cannon,Specialist,25,1813,2010-5-24,2019-3-6,442,858,955
405,Amir,Lamb,Sergeant,31,1375,2013-2-13,2016-6-5,657,619,170
406,William,Meza,Sergeant,32,1910,2005-2-24,2006-11-17,959,689,257
407,Reed,Martinez,Private First Class,31,1202,2014-6-25,2016-4-3,282,443,865
408,Rey,Holden,Private,35,1501,2010-2-15,2012-9-9,835,811,68
409,Lucas,Burgess,Specialist,37,1461,2001-2-1,2008-6-9,45,403,265
410,Lucas,Gibson,First Sergeant,30,1018,2014-7-2,2016-1-10,658,211,250
411,Lucas,Valdez,Sergeant Major,20,1827,2008-11-7,2019-3-4,856,357,468
412,Isai,Riggs,Sergeant First Class,21,1348,2001-8-15,2003-6-10,492,204,408
413,Mason,Graves,Master Sergeant,30,1146,2012-8-19,2017-7-26,988,996,680
414,Pedro,Liu,Sergeant Major,31,1950,2001-7-10,2009-10-23,625,9,338
415,Moses,Byrd,Sergeant Major,40,1436,2003-1-19,2009-4-25,196,702,141
416,George,Woods,Private,35,1924,2005-4-28,2013-8-27,321,945,976
417,Matthias,Ponce,Staff Sergeant,36,1629,2005-11-19,2013-3-7,363,374,114
418,Rey,Strong,Sergeant First Class,34,1922,2008-6-5,2009-1-23,445,969,279
419,Chase,Bentley,Sergeant First Class,40,1260,2003-10-11,2015-4-20,506,492,343
420,Marvin,Osborne,Sergeant,20,1592,2012-4-11,2015-4-26,75,418,4
421,Elijah,Craig,Master Sergeant,37,1652,2018-8-5,2018-10-28,360,64,317
422,Hunter,Roth,Specialist,26,1487,2009-2-17,2011-6-13,514,502,817
423,Efrain,Woods,Sergeant First Class,22,1212,2002-4-21,2016-7-20,479,878,347
424,Andres,Swanson,Corporal,30,1490,2009-8-22,2010-1-2,892,960,77
425,James,West,Specialist,38,1581,2000-11-4,2004-3-27,866,860,287
426,Holden,Burton,Sergeant Major,39,1528,2011-1-6,2017-7-22,884,987,113
427,Memphis,Byrd,Corporal,20,1538,2006-11-2,2009-8-14,65,872,665
428,Oliver,Cantrell,Master Sergeant,30,1538,2005-8-17,2019-11-1,595,146,361
429,George,Cantrell,Sergeant First Class,31,1612,2001-5-20,2013-2-17,126,925,521
430,Andres,Snyder,First Sergeant,44,1517,2000-10-9,2013-11-14,82,363,493
431,Elijah,Oliver,Sergeant Major,35,1320,2016-3-15,2019-8-22,15,91,508
432,Sam,Merritt,Master Sergeant,23,1218,2007-7-26,2012-11-27,347,533,127
433,Donald,Owens,Private First Class,44,1031,2001-2-10,2009-10-20,669,253,256
434,Jason,Byrd,First Sergeant,38,1195,2012-3-27,2017-11-8,14,480,145
435,Moses,Harrell,Corporal,39,1819,2018-5-27,2018-7-12,964,450,696
436,Soren,Mcmahon,Private First Class,21,1935,2009-12-1,2018-6-14,482,541,120
437,William,Chung,Sergeant Major,33,1317,2003-1-15,2018-1-17,580,382,806
438,Caden,Atkins,First Sergeant,22,1012,2002-12-18,2003-3-3,937,523,686
439,Triston,Lozano,Master Sergeant,22,1606,2010-9-27,2014-9-19,432,644,28
440,Blaze,Hancock,Private,26,1853,2007-3-6,2014-7-7,473,591,336
441,Kyler,Richardson,Corporal,21,1072,2012-6-9,2017-8-24,893,840,78
442,Brandon,Merritt,Specialist,31,1138,2004-6-19,2008-12-19,322,856,258
443,Kadyn,Riggs,Staff Sergeant,22,1842,2004-12-6,2015-1-3,543,982,435
444,Wyatt,Moore,Sergeant,25,1429,2005-4-26,2006-11-24,908,446,830
445,Soren,Burton,Sergeant First Class,35,1583,2010-5-18,2013-1-23,202,494,6
446,Tristen,Osborne,Master Sergeant,22,1431,2007-8-23,2015-3-14,522,570,613
447,Amir,Sandoval,Private First Class,41,1724,2015-2-22,2019-12-28,564,679,377
448,Amir,Leach,First Sergeant,30,1631,2007-2-26,2012-5-19,612,126,757
449,Ignacio,Costa,Corporal,41,1708,2001-4-10,2018-9-5,325,177,604
450,Soren,Osborne,Corporal,22,1746,2012-9-4,2017-6-25,171,81,453
451,David,Roth,Sergeant Major,43,1238,2006-1-18,2009-12-12,646,927,355
452,Jairo,Massey,Specialist,44,1803,2016-10-17,2019-7-11,848,933,930
453,Damarion,Steele,Master Sergeant,42,1376,2002-9-23,2010-5-22,950,471,506
454,Makhi,Schultz,Corporal,40,1993,2009-4-14,2012-11-19,728,478,107
455,Pedro,Arellano,Specialist,23,1395,2010-10-5,2019-11-14,706,831,629
456,William,Park,Private First Class,26,1476,2006-9-23,2013-6-22,3,864,842
457,Liam,Richmond,Specialist,23,1820,2012-8-19,2018-9-25,605,525,100
458,Tommy,Tyler,Staff Sergeant,40,1277,2002-6-10,2015-5-11,962,498,49
459,Dexter,Mclean,Private First Class,20,1839,2013-9-27,2017-8-18,9,451,591
460,Marvin,Bruce,Corporal,37,1009,2009-7-25,2017-2-21,91,173,305
461,Jose,Massey,Staff Sergeant,25,1130,2018-1-23,2019-7-14,144,929,413
462,Benjamin,Shah,Staff Sergeant,31,1853,2009-5-17,2017-5-9,558,975,953
463,Caden,Tyler,Master Sergeant,23,1824,2010-8-19,2019-3-14,670,324,8
464,Andy,Costa,Sergeant,22,1169,2005-5-26,2008-4-25,48,662,689
465,Brice,Richmond,Specialist,24,1771,2011-9-6,2013-8-10,450,166,795
466,Benjamin,Burgess,Private,32,1941,2006-12-9,2010-8-25,678,560,367
467,Tommy,Harrell,Sergeant Major,35,1095,2003-4-7,2016-4-25,319,827,920
468,Rocco,Lamb,Corporal,20,1028,2011-2-22,2015-4-16,751,648,767
469,Oliver,Meza,Sergeant First Class,38,1393,2002-5-28,2016-10-8,302,947,745
470,Donald,Bowman,Private First Class,44,1896,2014-11-22,2017-6-8,337,761,316
471,Rey,Goodwin,Sergeant Major,25,1722,2004-2-10,2017-11-5,377,3,379
472,Lucas,Holden,Staff Sergeant,40,1226,2003-8-18,2006-9-2,453,235,988
473,Benjamin,Swanson,Master Sergeant,30,1757,2000-9-21,2006-2-6,391,920,178
474,Spencer,Ayala,First Sergeant,37,1760,2005-11-23,2009-5-28,223,32,43
475,James,Osborne,Sergeant,39,1018,2005-8-17,2014-7-23,829,217,655
476,Bob,Sherman,Private First Class,38,1688,2009-9-15,2018-3-9,208,915,98
477,Eddie,Mclean,Private First Class,21,1253,2017-3-22,2019-2-5,67,175,824
478,James,Liu,Staff Sergeant,20,1214,2005-11-8,2016-7-1,121,119,152
479,Lucas,West,Staff Sergeant,25,1125,2010-8-12,2014-12-25,427,226,177
480,Landin,Steele,Private,39,1215,2015-5-24,2018-5-20,542,743,707
481,Mike,Brady,Sergeant,21,1670,2004-1-28,2017-8-23,535,922,715
482,Thaddeus,Sawyer,First Sergeant,43,1019,2011-9-26,2017-11-10,651,527,522
483,Jett,Nolan,Specialist,25,1773,2006-11-8,2016-8-7,689,988,868
484,Moses,Holloway,Sergeant First Class,29,1843,2011-11-13,2016-1-10,52,506,436
485,Moses,Bentley,Corporal,43,1914,2006-5-6,2015-11-4,648,595,400
486,Brice,Arellano,Specialist,41,1710,2018-7-16,2019-8-15,909,703,477
487,Eddie,Ayala,Sergeant First Class,28,1055,2007-6-26,2015-4-21,225,430,559
488,Joe,Leach,Sergeant Major,25,1564,2014-2-17,2018-5-27,431,993,64
489,Eddie,Arroyo,Private,28,1063,2008-10-1,2018-10-7,788,254,368
490,Matthias,Swanson,Private,29,1787,2001-6-20,2006-5-7,305,526,510
491,Andy,Sawyer,Sergeant,23,1309,2002-1-27,2002-12-10,603,190,337
492,Mike,Berg,Specialist,43,1309,2001-6-3,2017-11-11,330,258,500
493,Raymond,Osborne,Sergeant Major,35,1709,2006-8-28,2009-5-7,54,779,776
494,Makhi,Swanson,Sergeant Major,36,1850,2000-10-3,2015-5-25,530,961,164
495,Andrew,West,Master Sergeant,40,1025,2002-10-8,2009-9-5,111,586,132
496,Bob,Woods,First Sergeant,40,1320,2010-12-24,2012-7-12,312,620,424
497,Hunter,Haynes,Private First Class,26,1515,2003-3-26,2015-5-16,279,457,262
498,Ryland,Mcmahon,Master Sergeant,24,1974,2002-10-21,2005-2-27,828,970,755
499,Adrien,Paul,Private,43,1353,2000-7-14,2007-6-15,838,326,671
500,Caden,Park,Private,31,1004,2003-7-28,2011-12-5,507,845,295
501,Evan,Grant,Specialist,42,1970,2004-10-18,2011-8-17,368,515,47
502,Joe,Roth,Sergeant Major,26,1382,2008-2-25,2014-7-22,725,369,187
503,Spencer,Proctor,First Sergeant,44,1872,2005-12-19,2007-11-2,827,461,887
504,Eddie,Lambert,Sergeant First Class,34,1147,2007-9-23,2016-8-15,69,971,916
505,Kale,Sawyer,Sergeant,43,1087,2001-11-16,2008-4-6,532,151,470
506,Rocco,Burgess,Specialist,25,1841,2011-4-20,2016-3-9,156,762,941
507,Adolf,Hensley,Specialist,39,1235,2006-4-20,2011-9-24,137,568,416
508,Jayson,Cantrell,Private First Class,32,1425,2006-6-13,2009-2-15,116,765,270
509,Kyler,Meza,Sergeant First Class,36,1651,2011-5-5,2016-8-16,739,141,149
510,Byron,Hendricks,Private,29,1765,2010-2-26,2010-8-3,639,609,717
511,Brice,Monroe,Sergeant,38,1122,2014-1-20,2015-6-3,320,165,546
512,Beckett,Valdez,Sergeant Major,20,1335,2009-6-9,2014-12-10,227,554,21
513,Peyton,Burgess,Master Sergeant,29,1634,2002-6-28,2007-4-16,934,465,683
514,Ryland,Hoover,Master Sergeant,28,1338,2005-9-11,2007-12-14,644,305,902
515,Marvin,Atkins,Sergeant,32,1914,2008-2-10,2019-3-7,412,785,885
516,Silas,Meza,Master Sergeant,33,1344,2010-7-25,2015-1-7,756,113,162
517,Brendon,Harrell,Sergeant,37,1033,2003-8-20,2014-7-25,187,677,578
518,Efrain,Ortiz,Specialist,30,1717,2006-6-18,2009-12-23,407,964,59
519,Jorden,Strong,Sergeant,42,1221,2008-8-23,2010-1-10,501,801,302
520,Efrain,Franco,First Sergeant,20,1792,2007-1-11,2012-3-26,99,144,752
521,Matthias,Yu,Staff Sergeant,37,1240,2011-8-10,2018-10-11,448,826,640
522,Dexter,Li,Staff Sergeant,21,1689,2015-5-24,2017-7-13,921,129,373
523,Thomas,Hancock,Private First Class,42,1895,2008-6-3,2016-8-14,362,781,450
524,Ryland,Leach,Private First Class,40,1494,2005-12-6,2012-6-12,951,673,684
525,Ignacio,Leach,Master Sergeant,31,1660,2002-2-11,2015-9-6,125,940,300
526,Makhi,Brady,Private First Class,41,1778,2002-3-28,2012-4-26,343,944,996
527,Bridger,Lamb,Private,24,1940,2012-5-18,2012-11-26,207,505,652
528,Makhi,Merritt,Private First Class,37,1118,2010-1-19,2016-10-25,622,208,432
529,Rocco,Harrison,Master Sergeant,37,1150,2017-10-2,2019-10-14,521,302,592
530,Noah,Kidd,First Sergeant,28,1469,2007-11-26,2015-10-25,339,653,642
531,Hunter,Hensley,Sergeant First Class,33,1570,2001-6-21,2002-2-4,845,85,58
532,Mike,Snyder,Master Sergeant,37,1626,2001-10-16,2008-11-15,426,214,105
533,Kadyn,Burgess,Corporal,38,1144,2006-5-14,2017-2-7,430,218,788
534,Damarion,Hensley,Staff Sergeant,28,1768,2003-12-10,2017-8-24,638,691,713
535,Cayden,Paul,Corporal,34,1541,2006-9-10,2016-8-4,802,963,134
536,Duncan,Woods,Specialist,42,1143,2010-2-2,2018-8-4,315,775,281
537,Marvin,Strong,Corporal,41,1217,2008-6-6,2016-11-10,864,286,594
538,Noah,Yu,Private,41,1140,2008-5-27,2014-8-24,414,658,929
539,Cedric,Sherman,Staff Sergeant,37,1957,2001-9-19,2006-4-9,572,44,620
540,Matthias,Farmer,Staff Sergeant,24,1841,2000-3-14,2007-2-21,816,879,723
541,Lucas,Mclean,Private,31,1519,2014-4-13,2019-12-1,440,540,773
542,Rishi,Lambert,Private,24,1920,2001-4-4,2008-8-9,53,589,188
543,Jayson,Moore,Specialist,32,1095,2014-12-21,2015-8-16,34,176,574
544,Brandon,Snyder,Master Sergeant,31,1951,2000-12-21,2010-11-1,40,647,539
545,Isai,Goodwin,Private,31,1125,2002-9-24,2014-12-27,186,767,735
546,Matthias,Knox,Master Sergeant,39,1059,2006-6-20,2007-12-4,356,38,55
547,Eddie,Watts,Staff Sergeant,21,1260,2001-4-24,2011-3-15,553,931,697
548,Alijah,Sawyer,Staff Sergeant,41,1883,2015-10-28,2017-1-6,613,267,40
549,Draven,Bowman,Sergeant First Class,27,1364,2009-11-15,2018-10-2,688,611,538
550,Kale,Strong,Sergeant,27,1116,2002-7-13,2011-3-11,81,862,230
551,Ethan,Riggs,Specialist,32,1958,2000-4-1,2014-7-24,254,628,451
552,Soren,Harrell,Corporal,35,1062,2009-1-27,2011-10-8,114,124,601
553,Damarion,Tyler,Private,23,1071,2010-6-9,2019-4-1,70,27,88
554,George,Tyler,Staff Sergeant,20,1487,2015-7-26,2017-7-11,791,865,459
555,Tommy,Cantrell,Specialist,34,1602,2008-8-22,2019-8-22,35,769,746
556,Barack,Sandoval,Corporal,22,1303,2009-5-6,2013-12-18,855,401,956
557,Ethan,Sherman,Sergeant First Class,26,1520,2003-8-19,2008-7-17,859,566,960
558,Tommy,Reyes,Private,26,1549,2008-8-3,2008-10-5,867,98,387
559,Bridger,Kidd,Staff Sergeant,40,1006,2010-7-5,2012-7-28,26,680,651
560,Eddie,Lamb,Sergeant Major,22,1222,2001-5-25,2012-1-23,760,295,552
561,George,Knox,First Sergeant,26,1169,2009-8-12,2014-8-21,713,76,186
562,Adrien,Cunningham,Private,40,1533,2003-5-25,2004-1-21,138,941,269
563,Barack,Burgess,Sergeant Major,26,1847,2000-12-8,2015-1-21,141,272,948
564,Rocco,Reyes,Sergeant First Class,29,1271,2006-8-22,2016-3-25,551,618,889
565,Adrien,Nguyen,Master Sergeant,22,1455,2009-3-14,2012-7-21,400,712,690
566,Eddie,Schmidt,Sergeant First Class,38,1312,2009-10-3,2014-2-27,997,850,125
567,Thomas,Arroyo,Sergeant Major,31,1817,2000-9-26,2014-3-6,945,657,770
568,Isai,Tucker,Sergeant Major,22,1686,2001-4-16,2011-5-19,740,56,572
569,Damarion,Riggs,First Sergeant,25,1968,2013-6-27,2018-9-2,858,105,489
570,Matthias,Gallagher,Specialist,31,1712,2012-7-19,2013-3-26,649,771,483
571,Oliver,Massey,Staff Sergeant,31,1159,2011-2-27,2019-10-13,992,883,123
572,Caden,Park,First Sergeant,37,1657,2002-6-20,2006-7-27,118,103,154
573,Tristen,Kidd,Private,36,1457,2004-8-18,2006-1-15,692,734,548
574,Moses,Martinez,Sergeant First Class,38,1368,2006-6-18,2019-5-25,982,904,606
575,Raymond,Farmer,Specialist,38,1198,2000-1-27,2006-4-6,906,367,288
576,Efrain,Beasley,First Sergeant,41,1799,2007-1-10,2019-9-18,471,711,756
577,James,Liu,Sergeant,35,1749,2006-6-26,2011-8-8,973,551,798
578,Byron,Bentley,Staff Sergeant,25,1968,2005-2-18,2007-7-16,862,265,900
579,Moses,Atkins,Staff Sergeant,33,1908,2014-5-13,2017-9-16,885,776,229
580,Reed,Price,Private,23,1301,2009-3-6,2017-2-12,293,106,621
581,Finnegan,Strong,Corporal,31,1386,2005-3-2,2014-10-1,291,18,977
582,Andrew,Yu,Sergeant First Class,30,1505,2006-2-7,2016-3-6,191,538,877
583,Beckett,Mclean,Sergeant,33,1982,2011-6-11,2018-6-6,129,43,777
584,Chase,Hensley,Sergeant Major,29,1953,2009-12-27,2013-12-9,993,749,291
585,Moses,Goodwin,Sergeant First Class,35,1956,2008-9-6,2014-8-5,882,796,714
586,Spencer,Mccall,Specialist,23,1314,2005-10-26,2013-9-11,162,248,442
587,Dexter,Burton,Sergeant Major,35,1603,2011-5-8,2019-9-17,263,104,30
588,Ramiro,Ponce,First Sergeant,30,1924,2009-3-7,2019-8-22,794,313,267
589,Silas,Monroe,Master Sergeant,22,1436,2000-1-20,2014-2-10,525,282,672
590,Noah,Lambert,Private First Class,44,1133,2015-1-2,2017-12-15,30,83,240
591,James,Park,Specialist,25,1015,2007-10-8,2016-1-1,880,231,490
592,Phillip,Knox,First Sergeant,42,1448,2007-5-5,2011-12-11,217,574,880
593,Ramiro,Leach,Sergeant First Class,23,1960,2008-5-12,2016-11-17,154,985,729
594,Duncan,Holden,First Sergeant,31,1643,2005-1-26,2008-7-25,547,441,151
595,Rey,Bentley,First Sergeant,38,1546,2005-1-18,2019-6-25,732,951,90
596,Memphis,Ponce,Corporal,23,1891,2013-7-21,2018-3-3,631,913,475
597,Hunter,Snyder,Sergeant,23,1830,2007-2-15,2011-1-19,783,308,487
598,Cayden,Underwood,Sergeant First Class,23,1356,2008-2-21,2019-10-19,181,453,161
599,Kale,Price,Private,36,1796,2007-6-12,2016-9-9,763,939,590
600,Byron,Goodwin,Staff Sergeant,32,1735,2005-11-10,2017-11-27,677,325,716
601,Finnegan,Richmond,First Sergeant,36,1913,2004-11-24,2017-3-11,10,936,786
602,Ethan,Oliver,Sergeant,33,1988,2008-7-24,2013-6-13,566,504,562
603,Memphis,Sawyer,Sergeant,20,1429,2009-7-19,2019-12-11,796,847,656
604,Tate,Harrison,First Sergeant,22,1480,2013-1-23,2019-10-28,762,641,520
605,Adrien,Burton,Corporal,44,1088,2000-11-17,2008-6-26,374,120,360
606,Joe,Farmer,Specialist,35,1146,2000-9-26,2014-5-4,475,756,634
607,Bob,Mcmahon,Specialist,28,1820,2001-7-13,2002-3-17,609,97,517
608,Ignacio,Gallagher,First Sergeant,43,1598,2004-11-9,2016-2-1,271,699,783
609,Cedric,Schmidt,Private,34,1725,2000-6-5,2006-12-1,401,432,662
610,Tristen,Woods,First Sergeant,26,1556,2001-4-25,2001-9-25,637,663,598
611,Duncan,Nolan,First Sergeant,38,1168,2006-10-9,2008-10-6,416,455,496
612,Memphis,Cunningham,Sergeant,27,1666,2000-5-28,2011-12-4,109,989,526
613,Matthias,Ruiz,First Sergeant,32,1687,2001-5-28,2019-4-1,876,786,299
614,Noah,Burgess,Corporal,36,1914,2002-12-5,2010-6-27,584,149,378
615,Bob,Oliver,Staff Sergeant,35,1810,2006-5-6,2014-4-10,541,203,203
616,Holden,Chung,Private First Class,33,1994,2006-12-23,2018-10-14,243,484,650
617,Jett,Edwards,Staff Sergeant,38,1649,2006-5-13,2019-6-12,24,294,911
618,William,Coffey,Private First Class,34,1686,2000-12-18,2003-2-11,821,335,392
619,Duncan,Burgess,Sergeant,25,1851,2003-12-18,2012-9-2,264,719,827
620,Matthias,Moore,First Sergeant,29,1466,2004-10-12,2007-3-16,731,333,67
621,Cayden,Martinez,Sergeant Major,30,1932,2000-1-26,2004-10-14,124,429,818
622,Reed,Li,Corporal,44,1592,2010-3-13,2017-11-4,516,180,249
623,Donald,Reilly,Corporal,39,1482,2016-2-10,2017-11-17,231,89,924
624,Evan,Hoover,Staff Sergeant,24,1385,2000-11-18,2001-9-4,766,206,342
625,Rishi,Burns,Sergeant,24,1722,2000-9-12,2015-9-1,811,228,728
626,Elijah,Swanson,Private First Class,35,1425,2003-5-6,2008-2-6,643,107,86
627,Sam,Grant,Sergeant Major,20,1521,2009-10-7,2016-3-2,915,87,809
628,Silas,Riggs,First Sergeant,44,1038,2018-4-6,2019-10-26,173,774,157
629,George,Mcmahon,Staff Sergeant,26,1959,2003-3-20,2014-8-15,96,738,908
630,Holden,Kidd,Private First Class,36,1424,2004-5-3,2005-8-11,994,997,744
631,James,Massey,Private First Class,32,1359,2012-4-5,2014-5-6,775,242,891
632,Duncan,Hensley,Master Sergeant,37,1295,2016-5-15,2018-1-22,78,410,923
633,Kale,Tyler,Master Sergeant,35,1244,2005-3-20,2006-11-27,774,170,501
634,Ramiro,Bentley,Sergeant First Class,30,1354,2008-3-22,2017-4-11,2,58,345
635,Rishi,Liu,Private First Class,25,1778,2002-12-11,2014-9-26,823,74,167
636,Wyatt,West,Sergeant,28,1640,2015-11-17,2017-12-18,832,556,882
637,Peyton,Price,Private First Class,30,1117,2005-9-4,2018-4-10,797,133,754
638,Brandon,Cannon,Sergeant Major,26,1944,2002-2-19,2012-6-7,460,877,844
639,Damarion,Owens,Staff Sergeant,33,1760,2006-3-25,2015-12-28,428,24,946
640,Kale,Paul,Private,39,1840,2001-7-11,2013-5-7,544,376,987
641,Bob,Carson,Sergeant First Class,22,1219,2003-9-5,2010-8-4,115,610,466
642,Ramiro,Price,Private First Class,23,1689,2009-5-1,2017-5-1,949,962,561
643,Andy,Snyder,Private First Class,26,1002,2005-11-17,2007-12-8,630,813,774
644,Finnegan,Martinez,Private First Class,22,1556,2015-8-8,2019-11-3,477,347,175
645,Bridger,Meza,Private First Class,29,1422,2001-1-20,2011-12-19,730,999,89
646,Ethan,Strong,Private First Class,32,1939,2001-7-27,2013-12-25,987,29,97
647,Joe,Burns,Private,37,1794,2010-3-18,2019-4-4,935,596,473
648,William,Strong,Corporal,41,1877,2008-7-3,2014-8-15,991,701,172
649,Reed,Monroe,Staff Sergeant,23,1607,2011-6-20,2018-11-19,757,735,485
650,Benjamin,Park,Corporal,43,1541,2008-7-27,2017-3-27,204,755,937
651,Duncan,Burgess,Private,36,1883,2011-8-25,2015-6-26,573,17,441
652,Andy,Ortiz,First Sergeant,37,1896,2003-3-2,2019-8-6,597,720,306
653,Manuel,Nguyen,First Sergeant,34,1341,2007-8-12,2015-9-20,212,255,182
654,Braeden,Sherman,Sergeant Major,40,1682,2010-12-7,2012-8-20,410,937,609
655,Brendon,Schmidt,First Sergeant,25,1498,2014-7-2,2017-4-26,364,621,402
656,Killian,Sherman,Sergeant,23,1580,2001-7-26,2004-3-14,152,892,743
657,James,Bruce,Private,35,1949,2000-7-28,2017-11-11,197,411,63
658,Bridger,Sawyer,Master Sergeant,39,1287,2001-3-7,2014-3-27,476,730,505
659,Phillip,Harrison,Private First Class,24,1181,2016-6-28,2019-11-4,79,13,452
660,Bridger,Byrd,Corporal,32,1875,2011-9-1,2013-9-23,176,928,102
661,Evan,Valdez,Staff Sergeant,30,1300,2011-9-11,2014-1-2,676,101,70
662,Landin,Conner,Private,41,1015,2011-8-20,2013-7-7,961,475,529
663,Killian,Atkins,Staff Sergeant,22,1349,2011-8-23,2019-8-2,878,886,108
664,Andrew,Cannon,Sergeant Major,26,1560,2001-7-24,2007-4-16,36,519,228
665,Phillip,Dennis,First Sergeant,36,1711,2000-6-13,2003-12-23,840,676,135
666,Jett,Tyler,Corporal,30,1830,2005-4-27,2011-8-21,650,954,558
667,Alijah,Harmon,Staff Sergeant,42,1490,2002-4-5,2013-4-17,226,793,641
668,Victor,Merritt,Sergeant First Class,27,1781,2000-3-26,2003-10-20,680,493,513
669,Zion,Price,Corporal,26,1391,2014-10-7,2019-9-11,996,365,272
670,Chase,Wilkerson,Sergeant Major,43,1383,2001-1-25,2011-11-23,188,467,429
671,Bob,Reyes,Corporal,34,1435,2000-1-7,2005-11-7,433,399,497
672,Braeden,Franco,Private First Class,43,1050,2001-3-6,2018-7-20,338,1000,599
673,Reed,Harrison,First Sergeant,20,1054,2008-6-19,2012-6-28,666,368,934
674,Finnegan,Beasley,Private,42,1857,2002-12-1,2015-1-16,284,981,775
675,Rishi,Hendricks,Sergeant,24,1158,2011-6-25,2019-12-16,925,906,39
676,Soren,Steele,Staff Sergeant,41,1501,2000-1-20,2018-10-17,41,476,259
677,Eddie,Byrd,Sergeant First Class,34,1625,2000-6-14,2017-11-26,966,731,484
678,Peyton,Nolan,Private,28,1189,2007-3-11,2017-4-22,539,508,128
679,Barack,Grant,Private,31,1725,2003-7-28,2003-10-25,247,268,371
680,Kadyn,Patrick,Sergeant Major,43,1540,2007-9-4,2010-5-15,166,67,814
681,Jose,Conner,Master Sergeant,35,1734,2002-2-5,2017-6-24,390,51,883
682,James,Bowman,Corporal,20,1001,2001-1-3,2007-2-23,396,569,19
683,Kyler,Li,Specialist,41,1015,2007-4-3,2015-7-15,623,555,983
684,Evan,Mcmahon,Specialist,35,1113,2000-2-17,2002-11-8,216,797,254
685,Rishi,Hensley,First Sergeant,27,1654,2005-10-25,2011-10-9,117,456,261
686,Jensen,Valdez,First Sergeant,41,1342,2000-8-27,2003-2-17,984,26,595
687,David,Proctor,Sergeant Major,23,1151,2013-1-17,2018-5-24,63,355,168
688,Eddie,Arellano,Private,32,1144,2000-1-9,2000-2-12,863,323,617
689,Peyton,Lozano,Corporal,44,1581,2000-8-28,2001-6-26,367,655,815
690,Reed,Sawyer,Private,33,1745,2007-2-10,2014-9-3,290,96,933
691,Spencer,Hancock,Corporal,35,1243,2008-2-21,2010-6-4,299,95,544
692,Hunter,Goodwin,First Sergeant,27,1449,2011-3-19,2011-6-20,404,710,540
693,Jensen,Atkins,Private First Class,42,1365,2005-9-28,2019-9-16,655,851,895
694,Noah,Watts,Sergeant Major,22,1688,2010-10-7,2015-11-16,899,396,602
695,Adrien,Mccall,Sergeant,39,1742,2005-4-17,2013-10-6,969,722,959
696,Jensen,Underwood,First Sergeant,44,1993,2002-7-27,2005-1-7,606,698,984
697,Jett,Richardson,Master Sergeant,41,1650,2002-4-1,2009-10-9,348,216,879
698,Oliver,Woods,Sergeant Major,40,1353,2009-8-16,2013-7-10,238,386,467
699,Sam,Edwards,Sergeant,41,1111,2001-1-2,2013-8-1,546,986,669
700,Adolf,Edwards,Sergeant Major,36,1439,2008-8-27,2012-8-19,985,84,779
701,Brice,Grant,Specialist,22,1779,2001-6-7,2018-9-4,833,354,571
702,Jose,Osborne,First Sergeant,41,1127,2003-7-25,2011-9-9,727,490,492
703,Brandon,Cunningham,Private First Class,34,1423,2004-7-4,2012-8-12,417,545,542
704,Tommy,Cantrell,First Sergeant,29,1363,2013-6-9,2014-6-1,200,371,753
705,Andy,Cannon,Private,26,1218,2011-6-22,2013-10-10,311,594,200
706,John,Gibson,Sergeant First Class,24,1471,2007-7-9,2013-2-11,365,239,565
707,Cayden,Farmer,Sergeant,25,1189,2006-11-12,2008-9-5,326,603,928
708,Finnegan,Mccall,Sergeant Major,29,1857,2012-12-12,2013-11-19,249,360,285
709,Phillip,Grant,Master Sergeant,24,1662,2003-12-3,2004-11-22,286,285,560
710,Liam,Swanson,Staff Sergeant,32,1337,2004-1-17,2015-3-13,106,760,323
711,Bob,Coffey,Private First Class,25,1519,2004-7-14,2017-2-27,411,690,980
712,James,Grant,Private First Class,38,1622,2001-5-26,2013-1-4,387,45,329
713,Lucas,Ayala,Private First Class,43,1599,2003-7-9,2018-2-11,849,212,803
714,Blaze,Cherry,Private First Class,36,1938,2008-6-2,2012-10-21,852,281,446
715,Draven,Valdez,Master Sergeant,42,1827,2001-10-4,2017-11-25,576,869,644
716,Bridger,Moore,Master Sergeant,27,1016,2007-12-17,2012-1-23,447,390,284
717,Killian,Reyes,Private,33,1263,2003-3-13,2007-11-3,151,351,860
718,Brendon,Patrick,Staff Sergeant,39,1120,2007-1-9,2018-8-10,180,454,993
719,Silas,Edwards,Sergeant Major,23,1510,2005-4-2,2018-6-27,524,829,576
720,John,Merritt,Sergeant,39,1033,2000-12-17,2018-7-6,795,501,213
721,Jorden,Hancock,Private First Class,29,1776,2005-12-14,2014-11-3,746,624,419
722,Donald,Hood,Corporal,20,1834,2014-11-23,2016-2-20,257,625,461
723,Ethan,Park,Corporal,20,1890,2000-9-8,2009-5-7,887,416,18
724,George,Schultz,Private,33,1974,2002-5-23,2015-2-23,870,284,725
725,David,Farmer,Specialist,41,1013,2000-5-1,2002-5-19,922,907,119
726,Amir,Mcmahon,Staff Sergeant,29,1359,2010-8-6,2014-11-4,812,846,232
727,Lucas,Mccall,Sergeant,35,1876,2009-8-12,2019-10-14,329,449,314
728,Joel,Burton,Specialist,42,1811,2009-3-27,2012-3-25,135,583,53
729,Alijah,Kidd,Corporal,41,1698,2006-3-9,2016-1-12,397,903,60
730,Triston,Kidd,Private First Class,26,1951,2001-2-15,2006-8-13,220,112,313
731,Kadyn,Richardson,Sergeant First Class,31,1662,2010-6-12,2011-3-20,759,672,808
732,Amir,Ortiz,Master Sergeant,20,1217,2002-12-22,2003-11-14,480,871,909
733,Efrain,Underwood,Specialist,37,1322,2008-8-7,2011-8-3,467,72,354
734,Phillip,Beasley,Private First Class,43,1343,2016-4-6,2018-9-16,266,356,184
735,Sam,Knox,Specialist,22,1329,2004-9-22,2016-4-28,68,521,722
736,Alijah,Beasley,Sergeant Major,24,1637,2015-12-26,2017-1-4,686,992,142
737,Zion,Haynes,Sergeant First Class,39,1444,2004-9-5,2005-9-9,777,423,69
738,Moses,Reilly,Private,35,1894,2000-9-24,2008-5-1,940,772,414
739,Jairo,Arellano,First Sergeant,26,1883,2009-5-23,2015-11-2,452,844,718
740,Cedric,Hood,Sergeant Major,38,1750,2016-2-12,2019-8-20,705,372,625
741,George,West,First Sergeant,23,1117,2012-3-16,2016-7-22,357,380,724
742,Chase,Harrison,Specialist,20,1303,2006-1-8,2007-4-11,807,991,846
743,Silas,Holloway,Corporal,39,1651,2005-10-14,2011-8-28,628,795,805
744,Kadyn,Yu,Specialist,35,1843,2006-2-15,2009-1-25,234,817,139
745,Thaddeus,Massey,Sergeant,23,1474,2002-6-9,2003-12-18,61,837,101
746,Jackson,Knox,Sergeant First Class,35,1483,2011-8-2,2012-1-1,209,197,193
747,Noah,Harmon,Sergeant Major,42,1742,2005-7-17,2010-5-11,902,236,57
748,Andy,Roth,Specialist,31,1370,2008-8-22,2018-7-26,198,815,479
749,Chase,Schmidt,Sergeant Major,36,1782,2009-10-17,2017-1-4,139,337,192
750,Triston,Reyes,First Sergeant,24,1234,2002-7-27,2006-9-4,464,770,608
751,James,Lozano,Sergeant,38,1021,2004-5-12,2008-3-10,942,398,399
752,Tristen,Cox,Private First Class,25,1627,2002-4-28,2017-2-4,923,251,255
753,Jason,Sandoval,Staff Sergeant,26,1512,2000-3-12,2014-9-26,511,359,536
754,Andres,Berg,First Sergeant,40,1694,2004-7-26,2010-2-1,7,263,913
755,Karter,Riggs,Sergeant Major,25,1280,2017-5-10,2017-7-4,211,528,509
756,Alijah,West,Private First Class,23,1806,2005-2-25,2017-11-28,839,156,840
757,Joel,Coffey,Specialist,21,1535,2002-8-12,2012-5-14,90,948,301
758,Tate,Ortiz,Private,35,1820,2010-11-12,2013-11-8,582,599,52
759,Liam,Coffey,Private,25,1119,2006-4-22,2008-3-3,313,814,183
760,George,Hendricks,Sergeant Major,31,1927,2012-2-11,2016-4-19,715,63,196
761,Mason,Valdez,Specialist,22,1425,2006-11-27,2008-4-27,340,530,858
762,Kale,Arellano,Staff Sergeant,33,1916,2003-12-27,2010-8-13,965,408,944
763,Marvin,Riggs,Master Sergeant,26,1778,2004-12-14,2006-8-21,77,118,737
764,Memphis,Holden,Corporal,44,1389,2007-8-11,2015-11-19,280,358,121
765,Barack,Mclean,Sergeant,24,1926,2003-2-23,2003-3-22,17,669,234
766,Matthias,Roth,Sergeant,42,1916,2003-4-11,2006-1-28,843,780,56
767,Brandon,Graves,Corporal,40,1875,2015-10-10,2017-4-10,267,704,661
768,David,Beasley,First Sergeant,28,1900,2001-12-25,2003-9-27,259,748,122
769,Brendon,Harrison,Private,36,1222,2010-2-21,2017-3-4,898,894,214
770,Jorden,Cantrell,Specialist,37,1101,2001-9-4,2002-5-17,128,836,366
771,Jett,Holloway,Private,34,1328,2007-12-20,2012-1-13,659,546,472
772,Finnegan,Hensley,Private,21,1684,2001-11-15,2011-6-28,444,687,727
773,William,Lamb,Private First Class,27,1109,2017-1-18,2018-5-13,903,49,600
774,George,Harmon,Corporal,38,1813,2015-1-20,2016-5-5,738,41,36
775,Jairo,Schmidt,Sergeant,43,1190,2015-1-13,2016-8-21,270,341,556
776,Tommy,Riggs,Staff Sergeant,39,1525,2004-3-24,2008-5-9,419,88,318
777,Holden,Monroe,Sergeant,32,1115,2002-11-10,2009-9-28,120,718,874
778,Damarion,Arellano,Sergeant,28,1938,2002-10-3,2007-4-17,574,681,648
779,Isai,Byrd,Sergeant First Class,34,1592,2002-12-26,2012-2-1,798,511,41
780,Barack,Lozano,Private,41,1554,2001-12-25,2007-1-17,333,630,943
781,Joel,Reyes,Corporal,22,1634,2012-3-10,2017-7-8,47,721,587
782,Jorden,Schultz,Corporal,31,1840,2004-11-7,2010-9-22,857,808,388
783,Ramiro,Gibson,Specialist,43,1094,2001-5-14,2014-11-24,275,61,564
784,Ramiro,Brady,Sergeant First Class,26,1011,2003-11-6,2011-2-4,496,567,867
785,Alijah,Byrd,Private First Class,20,1997,2002-1-1,2007-4-8,834,252,411
786,Karter,Roth,Corporal,44,1159,2008-10-6,2012-1-14,285,573,339
787,Kadyn,Sawyer,Sergeant Major,21,1238,2011-10-8,2018-4-3,850,766,45
788,Lucas,Ponce,Specialist,38,1045,2016-10-16,2019-10-16,182,723,901
789,Thomas,Knox,Sergeant,38,1919,2000-5-23,2002-5-26,28,633,771
790,James,Price,Sergeant First Class,42,1308,2014-1-8,2016-6-8,6,393,914
791,Rocco,Costa,Private,32,1579,2009-6-1,2011-5-21,761,638,319
792,Bridger,Cannon,Private,44,1861,2016-6-15,2017-5-5,436,885,328
793,Kadyn,Graves,Private First Class,24,1136,2004-5-17,2014-5-2,578,338,758
794,Bob,Lambert,Master Sergeant,43,1974,2008-8-5,2016-12-26,168,843,926
795,Wyatt,Arroyo,Private,44,1242,2000-11-19,2002-4-28,105,194,312
796,Kadyn,Osborne,Master Sergeant,23,1851,2001-9-1,2011-6-2,905,649,150
797,Evan,Kidd,Private,28,1597,2009-6-18,2018-8-1,809,482,180
798,Byron,Grant,Staff Sergeant,29,1171,2011-4-24,2013-6-12,830,791,739
799,Mason,Ortiz,Master Sergeant,41,1497,2005-8-7,2005-12-12,51,93,309
800,Beckett,Hendricks,Sergeant,43,1169,2002-4-24,2016-4-2,230,191,104
801,Bob,Hood,Sergeant,33,1722,2006-5-24,2016-6-10,986,977,927
802,George,Cannon,Specialist,40,1646,2002-8-18,2012-6-11,134,602,551
803,Cayden,Nguyen,Specialist,22,1076,2005-11-13,2010-8-6,891,246,158
804,Eddie,Cox,First Sergeant,35,1929,2013-10-27,2017-6-14,76,921,283
805,Dylan,Park,Corporal,27,1174,2003-11-23,2019-10-6,581,445,876
806,James,Mccall,Specialist,25,1595,2003-10-23,2005-12-24,241,547,702
807,Isai,Bruce,Specialist,35,1021,2011-3-28,2016-7-24,192,881,389
808,Blaze,Cantrell,Private First Class,28,1406,2002-12-1,2008-11-14,871,880,277
809,Alijah,Reilly,Sergeant Major,39,1540,2001-11-3,2017-9-23,420,46,81
810,Brendon,Massey,Corporal,43,1389,2001-4-2,2013-7-3,352,379,768
811,Zion,Mclean,Master Sergeant,22,1886,2003-7-13,2014-12-26,602,128,534
812,Zion,Beasley,Master Sergeant,33,1550,2001-3-13,2014-1-27,349,727,635
813,Isai,Schultz,Sergeant Major,22,1389,2013-3-1,2014-9-3,907,807,148
814,Joaquin,Hendricks,Corporal,43,1624,2012-8-5,2016-10-23,765,816,363
815,Draven,Wilkerson,Sergeant Major,34,1221,2002-10-14,2007-8-26,654,202,406
816,Tristen,Martinez,Staff Sergeant,21,1509,2000-6-28,2006-3-20,459,956,386
817,Rey,Yu,Private,25,1690,2006-1-21,2012-8-16,332,247,870
818,Sam,Ayala,Sergeant First Class,43,1077,2013-2-28,2014-10-26,88,53,962
819,Jairo,Watts,Staff Sergeant,20,1383,2003-4-19,2012-5-27,616,995,65
820,Thaddeus,Tucker,Sergeant Major,26,1098,2001-10-10,2004-1-2,787,652,66
821,Rocco,Swanson,Private,25,1856,2010-10-20,2017-1-16,590,77,643
822,John,Riggs,Private First Class,35,1970,2004-5-21,2011-5-26,656,224,932
823,Lucas,Shah,Private First Class,26,1013,2007-11-11,2009-7-9,927,15,275
824,Ramiro,Price,Sergeant Major,30,1455,2004-5-23,2007-5-7,979,790,950
825,Memphis,Riggs,Sergeant,26,1780,2001-7-13,2005-2-24,371,740,93
826,Andy,Craig,Private First Class,28,1614,2001-12-20,2006-5-21,288,563,611
827,Rocco,Ayala,Staff Sergeant,25,1532,2004-3-23,2010-12-12,466,716,627
828,Landin,Costa,Private,35,1135,2001-10-27,2013-6-17,199,958,906
829,Mason,Underwood,Sergeant Major,23,1679,2008-9-18,2015-8-7,355,163,813
830,Joel,Moore,Private,31,1848,2003-12-2,2004-7-6,691,764,37
831,Andrew,Price,Staff Sergeant,20,1200,2017-12-13,2019-10-21,478,279,699
832,Cedric,Kidd,Private First Class,30,1749,2013-5-5,2014-1-19,130,232,176
833,Rey,Roth,Sergeant First Class,24,1910,2001-9-13,2012-9-27,148,809,963
834,Liam,Mccall,First Sergeant,22,1703,2005-9-25,2015-1-7,733,870,14
835,Jackson,Steele,First Sergeant,20,1093,2006-9-2,2013-5-13,189,439,252
836,Ayaan,Bentley,Corporal,35,1438,2016-2-4,2018-8-12,422,436,619
837,Brandon,Leach,Sergeant Major,23,1221,2010-6-12,2019-6-4,143,983,657
838,Holden,Valdez,Sergeant Major,39,1586,2002-8-4,2012-3-10,538,668,764
839,Moses,Chung,Sergeant Major,27,1555,2008-10-28,2017-1-13,571,833,586
840,John,Holden,Master Sergeant,25,1069,2009-4-20,2009-11-25,344,329,693
841,Bob,Harrison,Private,35,1851,2000-1-24,2005-2-6,295,22,674
842,Jason,Strong,Private First Class,31,1292,2010-1-11,2011-9-27,50,147,807
843,Makhi,Beasley,Private First Class,25,1097,2002-12-17,2012-7-19,806,742,137
844,Kyler,Roth,Private,23,1333,2012-8-13,2014-8-7,687,634,290
845,Rey,Lozano,Sergeant First Class,34,1563,2000-7-2,2014-5-14,304,572,245
846,Jairo,Sandoval,Private First Class,22,1670,2013-10-28,2019-4-11,358,80,659
847,Duncan,Knox,Staff Sergeant,43,1928,2006-4-5,2011-11-25,214,830,159
848,Jensen,Hood,Specialist,25,1040,2006-3-20,2014-10-5,772,531,638
849,Caden,Farmer,Specialist,22,1927,2003-6-22,2014-4-21,820,330,428
850,Reed,Cherry,Private,25,1790,2007-12-1,2013-1-17,335,350,376
851,Makhi,Martinez,Staff Sergeant,27,1518,2006-2-26,2007-10-22,119,604,820
852,Brendon,Reilly,First Sergeant,42,1659,2005-12-24,2016-4-22,734,635,73
853,Adolf,Tucker,Specialist,27,1326,2008-4-4,2009-1-7,717,631,48
854,Kadyn,Berg,Sergeant First Class,32,1232,2009-2-22,2016-3-10,778,424,224
855,Killian,Nolan,First Sergeant,41,1871,2001-10-21,2017-3-22,395,874,95
856,Elijah,Roth,Sergeant,34,1258,2003-3-18,2005-2-5,39,90,675
857,George,Arroyo,First Sergeant,24,1687,2003-7-21,2004-4-9,73,979,23
858,Rey,Ortiz,Private First Class,23,1668,2000-3-3,2015-2-25,583,300,765
859,Caden,Woods,Private First Class,27,1847,2015-8-10,2015-11-5,85,629,975
860,Adrien,Burgess,Private,22,1050,2003-3-17,2015-7-25,327,78,469
861,Woods,Nguyen,Sergeant,40,1723,2000-1-17,2015-10-24,620,314,688
862,Braeden,Watts,Corporal,39,1871,2013-12-26,2019-6-18,240,577,966
863,Oliver,Gallagher,Staff Sergeant,32,1561,2011-3-23,2014-6-11,424,535,733
864,William,Farmer,Staff Sergeant,38,1581,2010-9-21,2016-5-16,307,115,563
865,Hunter,Kidd,Staff Sergeant,21,1504,2014-7-17,2015-8-11,742,984,61
866,Finnegan,Hensley,Specialist,27,1653,2000-10-8,2017-1-24,784,275,445
867,Efrain,Osborne,Private First Class,32,1728,2016-2-18,2016-7-19,920,414,645
868,David,Gallagher,Private,38,1629,2002-12-20,2011-4-14,527,79,217
869,Rocco,Burton,Sergeant Major,41,1378,2001-9-16,2014-2-10,589,458,237
870,Moses,Li,Private First Class,29,1672,2000-10-3,2009-11-1,443,725,585
871,Jose,Brady,Corporal,23,1010,2006-8-26,2013-2-6,944,832,701
872,Kale,West,Private First Class,27,1483,2004-9-26,2011-2-10,179,139,940
873,Thomas,Cherry,Corporal,41,1318,2002-10-2,2004-2-13,46,404,685
874,Matthias,Massey,Master Sergeant,33,1302,2011-2-24,2015-5-1,995,849,952
875,Killian,Reilly,Private,26,1378,2008-11-1,2009-6-23,550,588,749
876,Makhi,Hoover,Corporal,25,1323,2003-12-24,2009-1-4,773,332,890
877,Ethan,Hoover,Private First Class,36,1868,2007-10-8,2019-3-3,172,660,990
878,Kadyn,Berg,Sergeant First Class,32,1338,2011-4-10,2013-8-6,618,168,33
879,Tristen,Proctor,First Sergeant,36,1466,2014-7-10,2016-10-21,779,68,523
880,Hunter,Massey,First Sergeant,33,1313,2007-2-6,2019-4-11,132,422,905
881,Chase,Goodwin,Sergeant First Class,37,1191,2001-12-21,2005-10-9,31,421,346
882,Oliver,Bentley,Private,44,1879,2002-12-25,2014-9-3,792,990,530
883,John,Massey,Private First Class,20,1228,2001-7-8,2005-8-18,454,55,616
884,Cedric,Woods,Sergeant,37,1013,2005-2-11,2012-5-23,826,642,537
885,Spencer,Goodwin,Private First Class,39,1692,2009-10-6,2016-6-23,74,901,584
886,Andres,Oliver,Corporal,37,1667,2001-3-25,2009-9-18,201,998,439
887,Brendon,Hendricks,Specialist,28,1116,2009-6-2,2014-4-6,562,524,816
888,Braeden,Cantrell,Private,37,1812,2000-6-2,2018-10-23,947,773,658
889,Amir,Chung,Private,44,1664,2008-11-25,2010-11-3,145,579,991
890,Mason,Harrison,Staff Sergeant,20,1151,2010-7-16,2018-6-22,451,821,907
891,Damarion,Burton,Specialist,42,1440,2001-11-9,2004-9-13,836,479,10
892,John,Cannon,Sergeant First Class,25,1541,2007-12-12,2017-2-2,977,100,51
893,Landin,Atkins,Sergeant First Class,35,1829,2001-7-8,2009-4-1,92,514,921
894,Barack,Costa,Specialist,22,1916,2015-6-15,2018-5-4,636,778,823
895,Bob,Harrell,Corporal,26,1644,2013-2-23,2015-7-11,675,172,949
896,Woods,Haynes,Specialist,33,1803,2001-8-16,2003-5-23,560,328,38
897,Elijah,Tucker,Sergeant,24,1610,2005-11-20,2006-4-23,462,724,231
898,Ethan,Swanson,Private First Class,26,1419,2012-11-28,2013-8-25,685,582,797
899,David,Bentley,Specialist,24,1087,2012-3-22,2019-10-26,463,496,2
900,Pedro,Grant,Specialist,39,1110,2009-3-14,2016-8-21,948,768,215
901,Matthias,Massey,Private First Class,37,1612,2002-3-11,2015-8-18,289,200,85
902,Matthias,Ayala,Sergeant First Class,33,1612,2002-7-19,2013-9-22,726,823,286
903,George,Hood,Corporal,27,1918,2012-3-14,2016-5-17,662,576,202
904,Thomas,Martinez,Sergeant Major,41,1117,2004-11-11,2011-8-10,716,469,726
905,Jensen,Harmon,Sergeant First Class,36,1396,2014-12-24,2017-10-21,708,788,704
906,Peyton,Franco,Sergeant Major,25,1575,2013-7-24,2016-9-17,673,391,519
907,Andrew,Ruiz,Private,43,1688,2012-4-25,2014-4-21,743,924,605
908,Jairo,Monroe,First Sergeant,25,1773,2010-1-6,2010-10-17,100,708,575
909,Thaddeus,Watts,Staff Sergeant,29,1101,2006-11-2,2009-1-23,23,340,851
910,Raymond,Cantrell,Corporal,37,1820,2001-4-12,2005-4-2,455,512,189
911,Kyler,Hoover,Private,20,1769,2005-10-25,2015-8-1,22,957,34
912,Hunter,Strong,Specialist,41,1625,2003-12-5,2013-11-5,895,926,624
913,Peyton,Hendricks,Master Sergeant,43,1507,2005-11-19,2016-3-25,598,243,760
914,Joaquin,Hood,Sergeant,33,1994,2012-12-16,2016-12-2,62,160,970
915,Wyatt,Harmon,Sergeant,31,1439,2008-1-14,2017-7-20,18,207,856
916,Douglas,Holloway,Corporal,25,1823,2007-8-28,2013-6-22,485,415,5
917,Kadyn,West,Sergeant Major,42,1629,2004-11-24,2013-5-12,439,188,457
918,Alijah,Franco,Sergeant Major,38,1181,2009-2-3,2018-2-13,418,626,698
919,Barack,Reilly,First Sergeant,29,1849,2006-10-26,2007-5-4,770,857,762
920,Ethan,Leach,Sergeant Major,43,1042,2004-1-13,2017-12-25,879,614,615
921,Tate,Nolan,Private,42,1350,2000-2-13,2001-6-17,382,65,71
922,Benjamin,Nolan,First Sergeant,33,1006,2008-9-7,2016-2-23,159,745,124
923,Dylan,West,Sergeant,25,1572,2015-4-23,2017-10-2,438,353,721
924,Rishi,Cunningham,Specialist,35,1635,2009-12-6,2015-7-20,764,296,886
925,Tommy,Cherry,Private,28,1459,2002-6-11,2010-11-13,999,59,541
926,Brendon,Burgess,Private,41,1110,2000-9-19,2003-1-26,750,855,11
927,Manuel,Franco,Corporal,36,1885,2004-7-1,2010-9-19,780,806,460
928,Amir,Costa,Master Sergeant,34,1366,2006-8-9,2013-12-9,699,792,136
929,Brice,Tucker,Corporal,24,1519,2002-8-10,2019-9-11,294,409,404
930,Jett,Mcmahon,Private,28,1410,2016-2-2,2018-9-18,753,605,679
931,Braeden,Price,Private First Class,27,1900,2011-4-19,2013-10-28,491,838,208
932,Karter,Shah,Sergeant,23,1429,2003-4-21,2009-12-24,163,608,549
933,Kyler,Harmon,Master Sergeant,40,1635,2000-3-16,2000-8-24,375,952,454
934,James,Bruce,First Sergeant,36,1851,2015-3-4,2016-12-5,974,164,194
935,Wyatt,Brady,First Sergeant,25,1514,2008-8-19,2013-6-20,278,431,676
936,Raymond,Harmon,Corporal,29,1517,2000-7-22,2004-3-11,512,223,491
937,Raymond,Mcmahon,Private,38,1250,2005-5-15,2012-2-4,59,520,550
938,Holden,Bruce,Sergeant Major,41,1233,2007-1-17,2007-12-17,805,859,614
939,Bob,Moore,Private,38,1893,2004-5-9,2016-10-17,359,125,431
940,Lucas,Steele,Sergeant Major,20,1218,2009-4-5,2013-5-9,579,841,433
941,William,Berg,First Sergeant,41,1682,2007-7-13,2015-4-24,932,425,967
942,Mike,Farmer,Sergeant Major,26,1550,2002-2-15,2008-7-7,533,438,573
943,Brendon,Riggs,Private,43,1930,2007-8-14,2017-11-5,825,145,322
944,Mason,Knox,Specialist,26,1696,2000-5-28,2017-2-11,123,152,478
945,Joe,Shah,Sergeant Major,20,1735,2017-4-5,2018-8-22,674,137,239
946,Moses,Lozano,Corporal,37,1444,2002-2-28,2015-2-28,19,271,292
947,Joe,Reilly,Sergeant Major,37,1692,2016-10-7,2017-11-11,575,934,79
948,Eddie,Chung,First Sergeant,39,1347,2009-9-27,2013-3-6,415,343,394
949,Jackson,Hoover,Staff Sergeant,37,1827,2007-1-23,2018-6-20,441,581,206
950,Douglas,Wilkerson,Specialist,43,1278,2000-8-18,2017-11-5,664,636,407
951,George,Shah,Private First Class,39,1339,2001-12-24,2014-12-13,274,571,471
952,Lucas,Cannon,Private,30,1034,2004-5-27,2005-4-26,548,804,143
953,Triston,Li,Specialist,40,1715,2005-4-5,2008-8-24,721,713,198
954,Joaquin,Harmon,First Sergeant,29,1266,2003-8-3,2004-8-1,668,196,748
955,Jayson,Lamb,Private,22,1443,2007-1-28,2011-8-22,528,66,706
956,Thaddeus,Goodwin,Sergeant,30,1977,2005-8-15,2016-7-17,483,70,730
957,Ignacio,Cunningham,Specialist,37,1537,2008-8-17,2013-11-16,505,463,709
958,Soren,Harrell,Staff Sergeant,22,1869,2005-1-5,2015-9-8,694,828,871
959,Memphis,Wilkerson,First Sergeant,37,1613,2001-1-7,2005-6-11,640,209,884
960,Karter,Richardson,First Sergeant,44,1811,2001-10-13,2007-7-24,170,159,225
961,Blaze,Cherry,Sergeant First Class,36,1249,2007-12-15,2017-5-24,392,491,72
962,Manuel,Atkins,Master Sergeant,44,1920,2006-7-25,2014-9-27,910,1,109
963,Reed,Arroyo,Corporal,44,1426,2001-8-27,2014-8-8,591,486,667
964,Adolf,Hancock,Sergeant Major,41,1548,2007-1-23,2010-5-8,593,184,171
965,Ignacio,Carson,Sergeant,24,1457,2015-5-28,2018-5-2,749,549,804
966,Jackson,Wilkerson,Sergeant Major,38,1368,2010-8-6,2016-7-4,629,261,677
967,Peyton,Kidd,Master Sergeant,23,1058,2007-7-8,2009-5-7,540,186,828
968,Triston,Lozano,Staff Sergeant,32,1563,2002-3-16,2013-1-16,919,564,42
969,Noah,Sherman,Sergeant Major,38,1760,2001-2-6,2011-4-15,679,420,566
970,Landin,Bruce,Sergeant,32,1811,2005-2-13,2019-2-12,886,888,344
971,James,Cox,Staff Sergeant,35,1357,2006-11-3,2011-5-1,556,750,244
972,George,Atkins,Staff Sergeant,31,1866,2015-12-22,2017-6-10,865,301,583
973,Adrien,Hensley,Sergeant,30,1101,2003-9-10,2018-11-3,57,584,782
974,Rocco,Meza,Sergeant Major,32,1274,2003-12-23,2019-3-20,596,632,427
975,Noah,Cannon,First Sergeant,44,1052,2013-3-4,2013-9-20,149,973,412
976,Adolf,Bruce,Sergeant,32,1238,2016-1-21,2018-9-18,786,48,502
977,Killian,Shah,First Sergeant,38,1335,2004-9-20,2014-8-9,704,923,918
978,Manuel,Franco,Private First Class,23,1493,2004-7-4,2013-1-14,955,597,191
979,James,Martinez,Sergeant,28,1324,2000-6-20,2002-9-11,60,468,543
980,Damarion,Sandoval,First Sergeant,28,1306,2005-11-28,2018-2-3,87,389,837
981,Jett,Strong,Corporal,43,1832,2008-7-19,2018-3-3,718,142,531
982,Beckett,Ortiz,First Sergeant,21,1133,2000-12-18,2019-11-10,283,516,324
983,Tate,Brady,Sergeant First Class,33,1507,2011-4-7,2015-11-24,236,213,3
984,Tate,Wilkerson,Master Sergeant,32,1424,2006-8-17,2014-8-25,881,783,32
985,John,Meza,Sergeant Major,35,1358,2001-9-15,2013-4-19,918,950,646
986,Joaquin,Martinez,Staff Sergeant,41,1962,2012-7-5,2014-2-26,8,616,618
987,Hunter,Valdez,Sergeant Major,31,1844,2007-4-5,2012-10-4,66,269,222
988,Makhi,Goodwin,Sergeant Major,27,1137,2004-11-5,2006-8-8,703,375,833
989,Efrain,Price,Sergeant Major,30,1513,2002-5-1,2019-12-6,268,550,971
990,Bob,Cantrell,Sergeant,37,1335,2009-9-18,2019-1-24,847,14,242
991,Brandon,Woods,Sergeant,23,1384,2010-5-8,2012-7-1,250,102,569
992,Joaquin,Riggs,Private First Class,42,1524,2008-11-19,2010-7-23,487,427,84
993,Byron,Harrell,First Sergeant,42,1996,2003-3-7,2007-7-27,160,381,462
994,Cayden,Franco,Staff Sergeant,31,1077,2017-3-14,2019-9-18,592,378,503
995,Jose,Lozano,Private,36,1222,2005-8-11,2013-5-5,883,388,488
996,Efrain,Hancock,Private First Class,25,1436,2008-4-26,2017-10-10,425,485,92
997,Makhi,Mcmahon,Corporal,43,1385,2001-6-22,2016-3-26,193,392,832
998,George,Patrick,Private,28,1585,2003-11-24,2008-6-3,495,10,13
999,Ethan,Burton,Sergeant First Class,37,1816,2009-5-28,2015-10-17,601,460,708
1000,Andres,Nguyen,Sergeant First Class,27,1329,2010-2-23,2016-3-17,372,607,173
