1,MP5,SMG,9x19mm,In Stock,2007-8-4,2011-6-20
2,HK416,Assault Rifle,5.56x45mm,Missing,2011-3-17,2012-6-21
3,MCX,Assault Rifle,.300BLACKOUT,In Active Zone,2001-3-10,2010-2-1
4,MPX,SMG,9x19mm,Missing,2002-10-21,2015-8-18
5,M9,Pistol,9x19mm,Missing,2013-7-8,2018-9-6
6,M1014,Shotgun,12G,On Maintenance,2006-8-14,2009-8-3
7,MPX,SMG,9x19mm,In Stock,2006-3-27,2009-3-11
8,M11,Pistol,9x19mm,Non-functional,2011-10-22,2018-10-1
9,M14,DMR,7.62x51mm,In Stock,2011-11-15,2014-6-5
10,M16,Assault Rifle,5.56x45mm,In Stock,2001-3-27,2006-4-17
11,MCX,Assault Rifle,.300BLACKOUT,In Stock,2001-10-26,2015-10-1
12,MP5,SMG,9x19mm,In Active Zone,2001-6-2,2017-2-14
13,M249,LMG,5.56x45mm,Non-functional,2010-9-16,2013-8-5
14,Glock17,Pistol,9x19mm,In Active Zone,2001-10-4,2007-6-7
15,HK416,Assault Rifle,5.56x45mm,Missing,2001-12-1,2007-3-23
16,M9,Pistol,9x19mm,Non-functional,2015-9-1,2016-6-23
17,M16,Assault Rifle,5.56x45mm,In Active Zone,2003-4-8,2016-3-23
18,M249,LMG,5.56x45mm,In Stock,2004-8-8,2019-9-23
19,XM5,Assault Rifle,.277Fury,In Stock,2005-9-10,2019-10-24
20,Glock17,Pistol,9x19mm,On Maintenance,2003-11-28,2007-2-4
21,M590,Shotgun,12G,In Active Zone,2003-12-10,2013-11-21
22,M16,Assault Rifle,5.56x45mm,Non-functional,2018-7-8,2018-10-28
23,M1014,Shotgun,12G,Non-functional,2010-7-16,2013-3-17
24,MPX,SMG,9x19mm,In Active Zone,2008-1-18,2019-4-11
25,M14,DMR,7.62x51mm,On Maintenance,2000-1-5,2007-6-7
26,M16,Assault Rifle,5.56x45mm,In Active Zone,2002-7-9,2011-11-24
27,Glock17,Pistol,9x19mm,Missing,2005-8-17,2007-12-15
28,MCX,Assault Rifle,.300BLACKOUT,Non-functional,2003-2-14,2006-2-1
29,MPX,SMG,9x19mm,In Stock,2000-11-18,2003-2-14
30,M11,Pistol,9x19mm,On Maintenance,2007-7-25,2009-3-11
31,M1014,Shotgun,12G,Non-functional,2010-3-11,2018-3-21
32,M9,Pistol,9x19mm,Missing,2010-4-15,2019-8-12
33,HK416,Assault Rifle,5.56x45mm,On Maintenance,2002-4-25,2009-7-26
34,M249,LMG,5.56x45mm,In Stock,2001-2-19,2007-7-7
35,XM5,Assault Rifle,.277Fury,Non-functional,2006-2-24,2013-6-3
36,Glock17,Pistol,9x19mm,On Maintenance,2003-5-16,2016-3-12
37,XM5,Assault Rifle,.277Fury,In Active Zone,2012-5-8,2013-2-8
38,M4A1,Assault Rifle,5.56x45mm,In Active Zone,2002-11-6,2012-2-1
39,M249,LMG,5.56x45mm,On Maintenance,2005-10-6,2015-12-12
40,M590,Shotgun,12G,In Stock,2015-2-15,2015-7-2
41,M16,Assault Rifle,5.56x45mm,In Active Zone,2002-10-28,2007-7-17
42,M249,LMG,5.56x45mm,On Maintenance,2003-10-4,2017-8-20
43,M11,Pistol,9x19mm,In Stock,2005-5-13,2016-11-13
44,XM250,LMG,.277Fury,On Maintenance,2004-2-7,2010-9-24
45,Glock17,Pistol,9x19mm,In Stock,2006-6-3,2018-1-2
46,M11,Pistol,9x19mm,Non-functional,2006-3-28,2006-8-3
47,M14,DMR,7.62x51mm,Non-functional,2008-5-20,2017-6-13
48,XM250,LMG,.277Fury,In Stock,2006-5-14,2011-4-26
49,MPX,SMG,9x19mm,Missing,2003-11-12,2011-12-23
50,HK416,Assault Rifle,5.56x45mm,In Active Zone,2005-10-15,2006-3-20
51,M16,Assault Rifle,5.56x45mm,In Stock,2005-4-24,2005-6-9
52,HK416,Assault Rifle,5.56x45mm,Missing,2010-12-19,2013-7-20
53,HK416,Assault Rifle,5.56x45mm,In Stock,2005-6-23,2010-12-9
54,M11,Pistol,9x19mm,On Maintenance,2000-6-10,2010-12-8
55,HK416,Assault Rifle,5.56x45mm,In Stock,2009-3-21,2012-2-9
56,M14,DMR,7.62x51mm,In Stock,2009-4-8,2019-11-10
57,M249,LMG,5.56x45mm,Missing,2003-9-11,2009-9-15
58,M14,DMR,7.62x51mm,Missing,2002-3-28,2015-11-7
59,MCX,Assault Rifle,.300BLACKOUT,In Active Zone,2004-8-28,2005-5-22
60,HK416,Assault Rifle,5.56x45mm,In Stock,2011-12-21,2019-11-3
61,M9,Pistol,9x19mm,On Maintenance,2011-12-11,2013-1-10
62,HK416,Assault Rifle,5.56x45mm,On Maintenance,2004-11-11,2014-6-8
63,HK416,Assault Rifle,5.56x45mm,On Maintenance,2003-10-20,2018-5-13
64,MCX,Assault Rifle,.300BLACKOUT,On Maintenance,2005-4-22,2011-10-28
65,HK416,Assault Rifle,5.56x45mm,In Active Zone,2017-4-25,2019-3-2
66,MCX,Assault Rifle,.300BLACKOUT,Missing,2014-6-10,2017-6-18
67,XM5,Assault Rifle,.277Fury,On Maintenance,2003-1-13,2011-9-2
68,XM5,Assault Rifle,.277Fury,On Maintenance,2000-7-1,2010-11-1
69,MPX,SMG,9x19mm,Non-functional,2001-6-9,2014-1-26
70,M1014,Shotgun,12G,On Maintenance,2001-2-15,2018-7-7
71,M11,Pistol,9x19mm,In Active Zone,2000-1-8,2010-9-6
72,M14,DMR,7.62x51mm,On Maintenance,2001-12-15,2002-2-15
73,M249,LMG,5.56x45mm,On Maintenance,2005-11-11,2010-4-3
74,M14,DMR,7.62x51mm,Missing,2005-11-15,2018-9-21
75,XM250,LMG,.277Fury,On Maintenance,2002-3-24,2006-7-11
76,M9,Pistol,9x19mm,In Active Zone,2001-2-26,2012-10-13
77,MCX,Assault Rifle,.300BLACKOUT,On Maintenance,2001-1-20,2007-12-14
78,MP5,SMG,9x19mm,In Stock,2000-9-24,2015-4-6
79,XM5,Assault Rifle,.277Fury,On Maintenance,2001-8-4,2003-8-18
80,M249,LMG,5.56x45mm,Non-functional,2001-12-14,2012-7-5
81,M16,Assault Rifle,5.56x45mm,Non-functional,2014-4-4,2015-12-24
82,MPX,SMG,9x19mm,On Maintenance,2012-6-26,2018-10-9
83,Glock17,Pistol,9x19mm,Non-functional,2001-10-2,2008-6-25
84,MPX,SMG,9x19mm,Missing,2000-10-26,2003-4-4
85,M16,Assault Rifle,5.56x45mm,Missing,2002-8-27,2008-3-19
86,MP5,SMG,9x19mm,Non-functional,2007-6-16,2013-2-22
87,Glock17,Pistol,9x19mm,In Active Zone,2014-3-2,2019-1-16
88,MPX,SMG,9x19mm,Missing,2003-5-2,2008-7-23
89,M4A1,Assault Rifle,5.56x45mm,Missing,2005-8-14,2017-3-26
90,M249,LMG,5.56x45mm,In Stock,2003-5-25,2003-7-19
91,M9,Pistol,9x19mm,Missing,2002-6-19,2014-2-7
92,MCX,Assault Rifle,.300BLACKOUT,Missing,2003-8-28,2011-10-27
93,M16,Assault Rifle,5.56x45mm,In Active Zone,2017-3-16,2018-9-15
94,MCX,Assault Rifle,.300BLACKOUT,In Stock,2003-6-8,2013-4-5
95,MP5,SMG,9x19mm,On Maintenance,2002-8-25,2006-4-18
96,M9,Pistol,9x19mm,Missing,2008-10-23,2019-1-7
97,MCX,Assault Rifle,.300BLACKOUT,Missing,2002-4-8,2008-2-28
98,M11,Pistol,9x19mm,Missing,2001-3-28,2016-2-19
99,M590,Shotgun,12G,On Maintenance,2003-1-13,2005-9-25
100,XM250,LMG,.277Fury,Missing,2000-4-2,2016-1-18
101,M1014,Shotgun,12G,Missing,2003-2-9,2003-4-17
102,M11,Pistol,9x19mm,Missing,2006-8-2,2015-12-5
103,M14,DMR,7.62x51mm,In Stock,2000-5-7,2016-8-20
104,M1014,Shotgun,12G,Non-functional,2007-9-5,2012-10-19
105,M11,Pistol,9x19mm,In Active Zone,2001-12-21,2009-7-22
106,XM250,LMG,.277Fury,On Maintenance,2005-2-7,2018-3-21
107,M9,Pistol,9x19mm,On Maintenance,2013-6-1,2014-9-15
108,M14,DMR,7.62x51mm,In Stock,2006-6-6,2017-6-20
109,XM250,LMG,.277Fury,On Maintenance,2003-11-7,2014-8-5
110,M11,Pistol,9x19mm,In Active Zone,2007-8-25,2019-8-12
111,M16,Assault Rifle,5.56x45mm,Non-functional,2003-2-23,2006-10-4
112,Glock17,Pistol,9x19mm,Missing,2012-3-3,2017-1-4
113,M590,Shotgun,12G,Non-functional,2000-11-28,2019-2-21
114,M4A1,Assault Rifle,5.56x45mm,In Stock,2002-9-10,2010-12-12
115,MP5,SMG,9x19mm,In Stock,2001-12-25,2008-1-13
116,MCX,Assault Rifle,.300BLACKOUT,Missing,2018-4-8,2018-9-22
117,M9,Pistol,9x19mm,In Active Zone,2006-2-17,2008-5-7
118,HK416,Assault Rifle,5.56x45mm,In Stock,2005-5-20,2016-4-19
119,MCX,Assault Rifle,.300BLACKOUT,On Maintenance,2010-7-24,2016-1-5
120,Glock17,Pistol,9x19mm,Non-functional,2004-8-2,2010-3-15
121,MPX,SMG,9x19mm,Non-functional,2008-5-7,2017-9-28
122,XM250,LMG,.277Fury,On Maintenance,2009-7-25,2018-4-1
123,M590,Shotgun,12G,Missing,2006-6-24,2017-5-6
124,XM250,LMG,.277Fury,In Active Zone,2003-9-24,2017-6-14
125,M16,Assault Rifle,5.56x45mm,On Maintenance,2013-1-6,2016-6-8
126,MCX,Assault Rifle,.300BLACKOUT,Missing,2012-4-5,2018-2-8
127,M1014,Shotgun,12G,On Maintenance,2001-11-13,2015-9-1
128,XM5,Assault Rifle,.277Fury,Non-functional,2017-7-1,2018-1-3
129,M590,Shotgun,12G,Missing,2002-6-10,2015-12-2
130,M4A1,Assault Rifle,5.56x45mm,Missing,2003-1-16,2005-4-26
131,M4A1,Assault Rifle,5.56x45mm,Missing,2001-5-6,2016-7-5
132,M4A1,Assault Rifle,5.56x45mm,In Stock,2007-5-24,2012-12-16
133,M4A1,Assault Rifle,5.56x45mm,Missing,2007-5-18,2016-2-14
134,M9,Pistol,9x19mm,In Active Zone,2001-8-12,2003-4-20
135,M4A1,Assault Rifle,5.56x45mm,In Stock,2012-9-25,2016-7-9
136,MPX,SMG,9x19mm,In Stock,2000-8-12,2003-5-7
137,M590,Shotgun,12G,In Active Zone,2007-11-11,2014-2-19
138,M9,Pistol,9x19mm,On Maintenance,2009-11-19,2018-1-21
139,M16,Assault Rifle,5.56x45mm,In Active Zone,2006-11-15,2018-5-25
140,XM250,LMG,.277Fury,Non-functional,2003-8-10,2015-2-28
141,MPX,SMG,9x19mm,Non-functional,2008-8-8,2010-4-1
142,HK416,Assault Rifle,5.56x45mm,In Active Zone,2003-5-27,2014-8-18
143,M1014,Shotgun,12G,Non-functional,2000-1-27,2013-4-18
144,MPX,SMG,9x19mm,Missing,2001-5-4,2003-8-24
145,M4A1,Assault Rifle,5.56x45mm,Missing,2005-1-1,2019-5-21
146,M1014,Shotgun,12G,Missing,2003-12-17,2008-5-2
147,M14,DMR,7.62x51mm,In Active Zone,2001-7-9,2013-7-14
148,M9,Pistol,9x19mm,Non-functional,2001-9-10,2002-1-11
149,M16,Assault Rifle,5.56x45mm,In Stock,2003-1-17,2007-4-23
150,M249,LMG,5.56x45mm,On Maintenance,2007-5-16,2017-11-27
151,M4A1,Assault Rifle,5.56x45mm,Non-functional,2013-6-8,2014-3-24
152,M4A1,Assault Rifle,5.56x45mm,In Active Zone,2012-6-3,2014-3-18
153,XM250,LMG,.277Fury,Non-functional,2007-11-3,2008-10-1
154,M11,Pistol,9x19mm,On Maintenance,2004-8-16,2014-1-12
155,M249,LMG,5.56x45mm,Missing,2006-7-23,2018-10-28
156,M249,LMG,5.56x45mm,On Maintenance,2013-8-24,2015-11-19
157,M1014,Shotgun,12G,On Maintenance,2010-10-3,2019-6-1
158,HK416,Assault Rifle,5.56x45mm,Non-functional,2005-7-23,2019-1-18
159,M14,DMR,7.62x51mm,Missing,2010-2-28,2012-7-21
160,M16,Assault Rifle,5.56x45mm,Missing,2009-4-10,2011-12-7
161,MP5,SMG,9x19mm,Non-functional,2004-5-10,2017-3-23
162,HK416,Assault Rifle,5.56x45mm,Missing,2005-9-8,2009-12-1
163,M249,LMG,5.56x45mm,Missing,2010-7-14,2011-9-25
164,M249,LMG,5.56x45mm,In Active Zone,2011-3-6,2014-7-12
165,M4A1,Assault Rifle,5.56x45mm,In Stock,2003-11-18,2017-11-25
166,MPX,SMG,9x19mm,In Stock,2007-12-11,2012-8-23
167,XM250,LMG,.277Fury,On Maintenance,2002-6-19,2003-7-12
168,M11,Pistol,9x19mm,In Stock,2007-7-25,2014-4-28
169,MP5,SMG,9x19mm,Missing,2001-7-23,2006-5-6
170,MP5,SMG,9x19mm,On Maintenance,2018-6-20,2019-11-27
171,M16,Assault Rifle,5.56x45mm,Non-functional,2013-8-22,2018-9-2
172,M590,Shotgun,12G,In Stock,2001-4-11,2019-5-24
173,M9,Pistol,9x19mm,On Maintenance,2004-10-13,2007-6-20
174,M11,Pistol,9x19mm,On Maintenance,2005-12-19,2013-3-25
175,M14,DMR,7.62x51mm,Missing,2013-11-7,2016-2-2
176,M1014,Shotgun,12G,In Active Zone,2010-9-16,2011-1-22
177,M1014,Shotgun,12G,Missing,2002-1-28,2003-2-3
178,Glock17,Pistol,9x19mm,Non-functional,2003-8-23,2015-12-28
179,XM250,LMG,.277Fury,In Active Zone,2007-8-13,2015-3-6
180,M1014,Shotgun,12G,In Active Zone,2004-9-24,2005-8-28
181,MPX,SMG,9x19mm,In Stock,2000-10-27,2013-12-4
182,M9,Pistol,9x19mm,Non-functional,2004-4-24,2017-3-18
183,MP5,SMG,9x19mm,In Active Zone,2006-4-9,2015-3-10
184,M590,Shotgun,12G,Non-functional,2012-6-19,2017-1-27
185,MCX,Assault Rifle,.300BLACKOUT,On Maintenance,2018-2-1,2019-3-18
186,HK416,Assault Rifle,5.56x45mm,Non-functional,2002-8-2,2009-5-27
187,HK416,Assault Rifle,5.56x45mm,Non-functional,2004-2-17,2019-5-4
188,M4A1,Assault Rifle,5.56x45mm,In Stock,2011-7-28,2014-11-18
189,XM5,Assault Rifle,.277Fury,In Active Zone,2010-3-12,2012-12-10
190,M1014,Shotgun,12G,On Maintenance,2017-10-11,2019-10-15
191,MCX,Assault Rifle,.300BLACKOUT,In Active Zone,2002-1-3,2012-11-12
192,XM5,Assault Rifle,.277Fury,Missing,2001-3-11,2015-3-9
193,XM5,Assault Rifle,.277Fury,Missing,2006-10-20,2013-9-8
194,M16,Assault Rifle,5.56x45mm,In Active Zone,2005-5-12,2008-6-4
195,MPX,SMG,9x19mm,In Stock,2001-4-24,2018-2-1
196,M16,Assault Rifle,5.56x45mm,Missing,2016-8-2,2019-4-25
197,MP5,SMG,9x19mm,In Stock,2003-2-20,2006-6-16
198,M9,Pistol,9x19mm,Missing,2011-8-8,2013-8-12
199,HK416,Assault Rifle,5.56x45mm,Non-functional,2017-3-13,2018-3-23
200,XM250,LMG,.277Fury,In Stock,2006-11-19,2018-12-20
201,MCX,Assault Rifle,.300BLACKOUT,In Active Zone,2000-4-20,2005-1-18
202,M590,Shotgun,12G,On Maintenance,2003-7-24,2006-4-5
203,XM250,LMG,.277Fury,Missing,2000-2-21,2013-3-6
204,M14,DMR,7.62x51mm,In Stock,2000-9-6,2011-10-16
205,HK416,Assault Rifle,5.56x45mm,In Active Zone,2003-12-20,2010-7-19
206,M1014,Shotgun,12G,Non-functional,2016-1-26,2017-5-28
207,M11,Pistol,9x19mm,On Maintenance,2000-9-6,2002-9-11
208,XM5,Assault Rifle,.277Fury,Missing,2014-6-10,2017-6-7
209,M14,DMR,7.62x51mm,In Stock,2007-2-16,2018-12-16
210,M1014,Shotgun,12G,On Maintenance,2009-8-16,2012-3-24
211,HK416,Assault Rifle,5.56x45mm,Non-functional,2004-8-2,2019-1-21
212,MCX,Assault Rifle,.300BLACKOUT,Missing,2005-7-28,2015-4-21
213,M249,LMG,5.56x45mm,On Maintenance,2004-10-11,2005-2-20
214,MPX,SMG,9x19mm,In Active Zone,2013-4-7,2019-11-16
215,M14,DMR,7.62x51mm,In Stock,2005-8-25,2009-7-6
216,M9,Pistol,9x19mm,Missing,2000-9-19,2001-6-25
217,MCX,Assault Rifle,.300BLACKOUT,In Stock,2007-9-8,2008-2-6
218,M590,Shotgun,12G,In Active Zone,2002-9-12,2009-11-9
219,M4A1,Assault Rifle,5.56x45mm,Missing,2002-2-13,2005-12-28
220,M14,DMR,7.62x51mm,Non-functional,2001-2-18,2015-3-11
221,XM250,LMG,.277Fury,On Maintenance,2012-1-17,2013-8-9
222,Glock17,Pistol,9x19mm,In Stock,2005-1-11,2009-7-19
223,M590,Shotgun,12G,Missing,2008-4-15,2016-10-21
224,M14,DMR,7.62x51mm,In Stock,2000-8-7,2007-10-8
225,M14,DMR,7.62x51mm,Missing,2003-4-4,2013-12-23
226,M14,DMR,7.62x51mm,In Stock,2006-1-27,2017-7-9
227,M11,Pistol,9x19mm,Non-functional,2007-7-25,2017-9-26
228,M4A1,Assault Rifle,5.56x45mm,On Maintenance,2005-4-18,2013-12-26
229,XM250,LMG,.277Fury,In Stock,2009-5-3,2018-10-1
230,MPX,SMG,9x19mm,On Maintenance,2004-4-11,2018-12-28
231,MP5,SMG,9x19mm,In Active Zone,2001-1-16,2005-8-5
232,M9,Pistol,9x19mm,In Active Zone,2013-1-2,2017-11-7
233,MCX,Assault Rifle,.300BLACKOUT,On Maintenance,2002-10-21,2010-2-26
234,M16,Assault Rifle,5.56x45mm,In Stock,2006-5-11,2014-1-14
235,M9,Pistol,9x19mm,In Stock,2006-7-19,2010-1-22
236,M590,Shotgun,12G,Non-functional,2004-9-10,2019-2-23
237,M249,LMG,5.56x45mm,In Stock,2001-10-6,2009-5-15
238,M11,Pistol,9x19mm,Non-functional,2005-12-23,2017-4-17
239,MPX,SMG,9x19mm,In Stock,2004-10-15,2007-11-7
240,M590,Shotgun,12G,In Stock,2007-8-11,2011-9-28
241,M11,Pistol,9x19mm,On Maintenance,2003-3-23,2008-3-27
242,M14,DMR,7.62x51mm,Missing,2010-6-28,2012-12-18
243,MPX,SMG,9x19mm,In Stock,2002-8-4,2008-6-3
244,XM250,LMG,.277Fury,In Active Zone,2010-2-23,2018-10-24
245,M11,Pistol,9x19mm,In Active Zone,2014-11-17,2015-11-16
246,MPX,SMG,9x19mm,In Stock,2000-4-15,2016-1-5
247,M16,Assault Rifle,5.56x45mm,In Active Zone,2001-4-23,2002-6-11
248,MCX,Assault Rifle,.300BLACKOUT,Non-functional,2011-1-23,2014-11-23
249,HK416,Assault Rifle,5.56x45mm,Non-functional,2004-2-23,2010-3-9
250,M4A1,Assault Rifle,5.56x45mm,In Active Zone,2001-4-7,2008-10-27
251,XM250,LMG,.277Fury,Non-functional,2002-6-26,2008-7-20
252,M4A1,Assault Rifle,5.56x45mm,On Maintenance,2007-1-25,2007-12-24
253,HK416,Assault Rifle,5.56x45mm,Missing,2010-1-10,2017-2-2
254,M1014,Shotgun,12G,Missing,2002-8-26,2019-4-15
255,Glock17,Pistol,9x19mm,Missing,2006-9-4,2015-7-27
256,M590,Shotgun,12G,In Active Zone,2009-9-4,2018-2-27
257,M16,Assault Rifle,5.56x45mm,Non-functional,2009-12-4,2010-9-22
258,Glock17,Pistol,9x19mm,In Stock,2003-7-8,2018-8-24
259,M11,Pistol,9x19mm,On Maintenance,2003-2-19,2004-10-10
260,Glock17,Pistol,9x19mm,In Active Zone,2010-2-25,2014-8-20
261,MCX,Assault Rifle,.300BLACKOUT,Non-functional,2017-3-3,2018-9-18
262,MCX,Assault Rifle,.300BLACKOUT,On Maintenance,2013-8-14,2015-4-17
263,Glock17,Pistol,9x19mm,Missing,2010-7-16,2012-11-16
264,MCX,Assault Rifle,.300BLACKOUT,Non-functional,2008-2-21,2013-3-19
265,M1014,Shotgun,12G,On Maintenance,2005-8-11,2018-9-3
266,M14,DMR,7.62x51mm,On Maintenance,2015-1-19,2017-4-23
267,M9,Pistol,9x19mm,On Maintenance,2001-9-23,2004-7-1
268,M14,DMR,7.62x51mm,On Maintenance,2003-6-26,2005-12-7
269,XM5,Assault Rifle,.277Fury,Non-functional,2010-10-12,2019-7-10
270,M14,DMR,7.62x51mm,On Maintenance,2002-12-25,2011-9-26
271,M4A1,Assault Rifle,5.56x45mm,In Active Zone,2006-10-5,2014-7-6
272,M4A1,Assault Rifle,5.56x45mm,Missing,2009-11-20,2014-4-12
273,MPX,SMG,9x19mm,On Maintenance,2006-4-12,2019-12-15
274,M1014,Shotgun,12G,In Active Zone,2007-4-6,2011-11-15
275,MPX,SMG,9x19mm,In Stock,2004-3-12,2006-5-22
276,Glock17,Pistol,9x19mm,In Active Zone,2004-10-11,2012-7-27
277,MP5,SMG,9x19mm,In Stock,2014-11-26,2019-7-27
278,Glock17,Pistol,9x19mm,On Maintenance,2007-7-17,2014-8-25
279,M16,Assault Rifle,5.56x45mm,Missing,2000-1-19,2014-9-25
280,M4A1,Assault Rifle,5.56x45mm,In Active Zone,2009-9-6,2016-2-28
281,MPX,SMG,9x19mm,Missing,2009-5-6,2018-10-24
282,M11,Pistol,9x19mm,In Stock,2003-7-24,2011-5-23
283,M9,Pistol,9x19mm,On Maintenance,2010-3-12,2014-5-17
284,M4A1,Assault Rifle,5.56x45mm,Non-functional,2011-10-7,2017-9-14
285,XM5,Assault Rifle,.277Fury,On Maintenance,2000-11-18,2015-12-22
286,M14,DMR,7.62x51mm,Non-functional,2002-12-13,2019-3-13
287,MCX,Assault Rifle,.300BLACKOUT,Non-functional,2001-7-1,2003-11-18
288,HK416,Assault Rifle,5.56x45mm,In Stock,2005-12-21,2015-3-27
289,Glock17,Pistol,9x19mm,Missing,2001-11-17,2005-5-11
290,XM250,LMG,.277Fury,Non-functional,2000-4-9,2014-2-20
291,M9,Pistol,9x19mm,In Active Zone,2004-7-18,2018-12-3
292,M14,DMR,7.62x51mm,On Maintenance,2001-8-24,2003-6-4
293,Glock17,Pistol,9x19mm,In Stock,2005-9-26,2006-2-3
294,HK416,Assault Rifle,5.56x45mm,Non-functional,2014-11-6,2018-3-8
295,M4A1,Assault Rifle,5.56x45mm,In Active Zone,2004-11-11,2013-1-28
296,M9,Pistol,9x19mm,In Stock,2003-2-17,2014-11-22
297,M16,Assault Rifle,5.56x45mm,Non-functional,2003-4-28,2012-10-5
298,M4A1,Assault Rifle,5.56x45mm,In Active Zone,2018-1-8,2019-7-16
299,XM250,LMG,.277Fury,Missing,2017-6-21,2018-6-23
300,XM250,LMG,.277Fury,In Stock,2011-11-2,2014-9-20
301,XM250,LMG,.277Fury,In Stock,2017-2-19,2017-8-15
302,M14,DMR,7.62x51mm,In Stock,2005-7-14,2011-3-5
303,MPX,SMG,9x19mm,On Maintenance,2000-5-17,2018-7-24
304,M4A1,Assault Rifle,5.56x45mm,Missing,2000-1-19,2001-9-7
305,M590,Shotgun,12G,In Stock,2013-6-6,2019-3-9
306,Glock17,Pistol,9x19mm,On Maintenance,2006-6-19,2018-5-18
307,HK416,Assault Rifle,5.56x45mm,In Stock,2005-7-21,2011-11-17
308,XM5,Assault Rifle,.277Fury,In Active Zone,2006-1-19,2016-3-25
309,MPX,SMG,9x19mm,In Stock,2007-10-2,2019-9-23
310,M9,Pistol,9x19mm,Missing,2007-3-10,2018-8-27
311,Glock17,Pistol,9x19mm,On Maintenance,2002-7-1,2002-8-16
312,MP5,SMG,9x19mm,In Stock,2012-9-11,2018-1-18
313,XM250,LMG,.277Fury,In Active Zone,2006-4-27,2016-12-11
314,M249,LMG,5.56x45mm,In Active Zone,2002-7-24,2019-3-12
315,MPX,SMG,9x19mm,Non-functional,2002-5-20,2014-9-26
316,M11,Pistol,9x19mm,In Active Zone,2005-11-27,2019-12-17
317,M4A1,Assault Rifle,5.56x45mm,In Stock,2006-9-15,2017-2-13
318,M14,DMR,7.62x51mm,Missing,2006-11-17,2019-3-27
319,M9,Pistol,9x19mm,Non-functional,2012-4-25,2012-4-25
320,Glock17,Pistol,9x19mm,In Active Zone,2017-5-5,2018-7-10
321,M249,LMG,5.56x45mm,In Stock,2004-2-26,2005-12-6
322,M9,Pistol,9x19mm,In Active Zone,2002-12-4,2005-4-25
323,XM250,LMG,.277Fury,Non-functional,2007-1-18,2013-12-2
324,M9,Pistol,9x19mm,Missing,2003-5-17,2006-12-3
325,XM250,LMG,.277Fury,On Maintenance,2000-6-22,2014-9-10
326,M16,Assault Rifle,5.56x45mm,In Active Zone,2000-10-7,2013-1-7
327,M14,DMR,7.62x51mm,In Stock,2004-7-16,2008-4-13
328,M14,DMR,7.62x51mm,On Maintenance,2010-3-1,2015-11-23
329,M9,Pistol,9x19mm,Non-functional,2016-10-9,2018-4-14
330,M1014,Shotgun,12G,Non-functional,2008-8-14,2010-10-5
331,XM5,Assault Rifle,.277Fury,On Maintenance,2015-1-5,2018-3-28
332,M14,DMR,7.62x51mm,In Stock,2004-7-23,2009-2-19
333,XM5,Assault Rifle,.277Fury,In Active Zone,2015-3-8,2015-6-22
334,M14,DMR,7.62x51mm,On Maintenance,2002-3-7,2010-12-3
335,M9,Pistol,9x19mm,In Active Zone,2005-7-6,2012-9-28
336,Glock17,Pistol,9x19mm,Non-functional,2003-5-19,2017-1-13
337,MPX,SMG,9x19mm,In Active Zone,2001-12-10,2012-5-4
338,M14,DMR,7.62x51mm,In Active Zone,2001-10-3,2007-11-23
339,XM250,LMG,.277Fury,Non-functional,2000-11-14,2001-10-4
340,M16,Assault Rifle,5.56x45mm,Non-functional,2009-2-26,2018-4-24
341,XM250,LMG,.277Fury,On Maintenance,2002-8-18,2005-10-18
342,M14,DMR,7.62x51mm,In Stock,2005-3-7,2008-10-6
343,HK416,Assault Rifle,5.56x45mm,On Maintenance,2000-8-27,2009-3-13
344,M4A1,Assault Rifle,5.56x45mm,Missing,2003-5-24,2008-11-18
345,M590,Shotgun,12G,In Active Zone,2002-7-7,2007-8-26
346,M1014,Shotgun,12G,In Stock,2006-11-20,2010-8-11
347,XM5,Assault Rifle,.277Fury,Missing,2006-5-2,2007-9-22
348,M590,Shotgun,12G,On Maintenance,2001-3-17,2013-7-16
349,M16,Assault Rifle,5.56x45mm,On Maintenance,2000-1-21,2000-6-25
350,XM250,LMG,.277Fury,In Stock,2017-7-11,2019-12-18
351,XM250,LMG,.277Fury,Non-functional,2003-5-18,2013-9-17
352,M1014,Shotgun,12G,On Maintenance,2008-9-13,2012-10-11
353,MPX,SMG,9x19mm,On Maintenance,2006-3-4,2009-7-14
354,MPX,SMG,9x19mm,In Stock,2008-3-2,2012-11-4
355,M14,DMR,7.62x51mm,In Active Zone,2006-9-6,2009-8-3
356,HK416,Assault Rifle,5.56x45mm,In Active Zone,2000-2-14,2008-3-1
357,MCX,Assault Rifle,.300BLACKOUT,In Stock,2012-11-7,2013-3-19
358,MP5,SMG,9x19mm,On Maintenance,2003-9-19,2005-11-4
359,M1014,Shotgun,12G,In Stock,2009-10-16,2014-2-7
360,M9,Pistol,9x19mm,Missing,2004-1-6,2011-7-14
361,MP5,SMG,9x19mm,In Stock,2004-2-11,2016-3-22
362,MP5,SMG,9x19mm,In Active Zone,2009-3-10,2011-12-13
363,MCX,Assault Rifle,.300BLACKOUT,In Active Zone,2003-11-3,2007-7-20
364,M1014,Shotgun,12G,In Stock,2003-1-28,2013-6-28
365,M249,LMG,5.56x45mm,In Active Zone,2011-12-14,2015-2-14
366,Glock17,Pistol,9x19mm,Non-functional,2009-1-1,2011-9-16
367,HK416,Assault Rifle,5.56x45mm,Non-functional,2005-9-12,2008-2-24
368,HK416,Assault Rifle,5.56x45mm,In Active Zone,2010-6-10,2016-2-1
369,M590,Shotgun,12G,On Maintenance,2006-7-14,2010-8-2
370,XM5,Assault Rifle,.277Fury,On Maintenance,2012-12-7,2018-3-25
371,HK416,Assault Rifle,5.56x45mm,Non-functional,2005-7-22,2012-1-3
372,M9,Pistol,9x19mm,Non-functional,2000-12-10,2006-8-9
373,HK416,Assault Rifle,5.56x45mm,In Active Zone,2008-6-14,2011-4-11
374,XM250,LMG,.277Fury,In Stock,2011-6-5,2016-3-27
375,HK416,Assault Rifle,5.56x45mm,On Maintenance,2006-4-25,2012-11-27
376,M16,Assault Rifle,5.56x45mm,In Stock,2005-9-15,2009-7-12
377,XM250,LMG,.277Fury,Non-functional,2008-8-23,2010-12-8
378,M9,Pistol,9x19mm,Non-functional,2002-3-2,2004-8-2
379,M1014,Shotgun,12G,Non-functional,2012-2-15,2015-9-9
380,MCX,Assault Rifle,.300BLACKOUT,Missing,2004-9-23,2011-9-7
381,Glock17,Pistol,9x19mm,Non-functional,2007-5-4,2010-1-16
382,XM5,Assault Rifle,.277Fury,In Stock,2009-12-1,2019-7-14
383,MP5,SMG,9x19mm,In Stock,2006-1-19,2007-1-9
384,XM5,Assault Rifle,.277Fury,Non-functional,2007-7-6,2015-6-26
385,HK416,Assault Rifle,5.56x45mm,In Active Zone,2017-11-28,2018-8-7
386,M249,LMG,5.56x45mm,Missing,2001-3-9,2014-4-13
387,XM250,LMG,.277Fury,In Active Zone,2005-3-20,2013-3-17
388,M14,DMR,7.62x51mm,In Active Zone,2002-7-13,2010-4-17
389,MPX,SMG,9x19mm,In Stock,2009-4-17,2013-10-13
390,MP5,SMG,9x19mm,In Active Zone,2003-8-9,2007-4-9
391,M249,LMG,5.56x45mm,In Stock,2003-9-25,2010-2-13
392,HK416,Assault Rifle,5.56x45mm,Non-functional,2001-4-6,2008-4-7
393,Glock17,Pistol,9x19mm,In Active Zone,2004-12-13,2019-1-24
394,HK416,Assault Rifle,5.56x45mm,Non-functional,2008-7-5,2011-9-24
395,M249,LMG,5.56x45mm,In Active Zone,2009-5-21,2015-9-11
396,M1014,Shotgun,12G,On Maintenance,2008-1-6,2017-3-1
397,MCX,Assault Rifle,.300BLACKOUT,In Stock,2000-9-20,2006-10-11
398,XM5,Assault Rifle,.277Fury,In Active Zone,2011-4-1,2014-10-4
399,M1014,Shotgun,12G,In Stock,2000-2-4,2013-1-25
400,M9,Pistol,9x19mm,On Maintenance,2003-9-12,2009-5-17
401,MP5,SMG,9x19mm,Missing,2003-7-15,2017-3-17
402,M11,Pistol,9x19mm,Missing,2008-5-27,2014-11-8
403,M11,Pistol,9x19mm,In Stock,2007-7-24,2016-3-17
404,M249,LMG,5.56x45mm,Missing,2001-3-6,2009-4-14
405,M1014,Shotgun,12G,On Maintenance,2000-7-14,2005-6-9
406,MP5,SMG,9x19mm,In Stock,2011-3-10,2015-3-8
407,M249,LMG,5.56x45mm,Missing,2004-3-28,2006-6-25
408,M16,Assault Rifle,5.56x45mm,Non-functional,2002-7-23,2014-7-7
409,MP5,SMG,9x19mm,On Maintenance,2007-5-9,2014-4-3
410,MP5,SMG,9x19mm,Missing,2003-1-15,2017-12-10
411,MPX,SMG,9x19mm,Missing,2012-1-13,2012-4-4
412,HK416,Assault Rifle,5.56x45mm,In Active Zone,2006-11-28,2017-7-3
413,XM5,Assault Rifle,.277Fury,Non-functional,2005-1-3,2005-1-7
414,XM250,LMG,.277Fury,In Stock,2016-10-27,2017-8-15
415,MCX,Assault Rifle,.300BLACKOUT,Non-functional,2006-5-26,2010-2-18
416,M11,Pistol,9x19mm,Non-functional,2008-9-14,2017-1-18
417,XM250,LMG,.277Fury,On Maintenance,2006-9-23,2018-1-19
418,M249,LMG,5.56x45mm,In Stock,2006-9-19,2016-3-3
419,M11,Pistol,9x19mm,On Maintenance,2018-11-12,2019-2-19
420,Glock17,Pistol,9x19mm,In Stock,2000-4-2,2017-10-11
421,M1014,Shotgun,12G,Missing,2016-3-16,2017-9-2
422,Glock17,Pistol,9x19mm,Missing,2007-10-6,2015-1-22
423,XM5,Assault Rifle,.277Fury,Missing,2005-4-16,2010-3-23
424,M249,LMG,5.56x45mm,In Stock,2001-8-10,2011-12-21
425,HK416,Assault Rifle,5.56x45mm,Missing,2005-7-10,2013-5-11
426,MCX,Assault Rifle,.300BLACKOUT,Non-functional,2013-3-20,2015-8-8
427,XM250,LMG,.277Fury,On Maintenance,2008-1-23,2011-2-11
428,M249,LMG,5.56x45mm,Missing,2001-12-24,2013-9-2
429,HK416,Assault Rifle,5.56x45mm,In Active Zone,2007-10-12,2012-10-26
430,XM5,Assault Rifle,.277Fury,On Maintenance,2001-6-6,2015-1-2
431,M11,Pistol,9x19mm,In Active Zone,2003-7-1,2004-1-8
432,M11,Pistol,9x19mm,In Stock,2005-12-6,2014-9-2
433,Glock17,Pistol,9x19mm,Missing,2010-5-10,2013-4-28
434,MCX,Assault Rifle,.300BLACKOUT,In Stock,2010-10-9,2013-7-18
435,Glock17,Pistol,9x19mm,Missing,2008-5-8,2011-11-5
436,M14,DMR,7.62x51mm,Missing,2006-4-12,2015-7-18
437,XM5,Assault Rifle,.277Fury,In Stock,2009-7-24,2010-3-19
438,Glock17,Pistol,9x19mm,In Active Zone,2004-7-23,2005-6-9
439,MP5,SMG,9x19mm,In Stock,2004-12-21,2015-1-22
440,XM250,LMG,.277Fury,In Active Zone,2000-11-14,2016-4-6
441,XM250,LMG,.277Fury,Missing,2011-6-26,2017-5-21
442,MP5,SMG,9x19mm,In Stock,2010-6-11,2013-8-10
443,M16,Assault Rifle,5.56x45mm,In Active Zone,2018-7-1,2019-3-2
444,M14,DMR,7.62x51mm,On Maintenance,2004-12-25,2013-8-3
445,MCX,Assault Rifle,.300BLACKOUT,In Active Zone,2006-3-4,2018-6-12
446,MCX,Assault Rifle,.300BLACKOUT,Non-functional,2009-5-18,2012-3-28
447,M1014,Shotgun,12G,Missing,2007-5-18,2013-8-13
448,M590,Shotgun,12G,Non-functional,2005-11-27,2008-11-13
449,Glock17,Pistol,9x19mm,In Active Zone,2003-8-22,2008-1-6
450,MP5,SMG,9x19mm,Non-functional,2016-11-18,2019-4-3
451,M4A1,Assault Rifle,5.56x45mm,In Stock,2000-5-16,2010-11-2
452,M14,DMR,7.62x51mm,Non-functional,2012-12-24,2017-3-3
453,M9,Pistol,9x19mm,In Active Zone,2003-3-27,2014-2-11
454,XM250,LMG,.277Fury,Missing,2001-4-16,2017-11-20
455,M11,Pistol,9x19mm,In Active Zone,2009-5-4,2017-1-5
456,HK416,Assault Rifle,5.56x45mm,In Stock,2005-3-10,2011-3-2
457,M590,Shotgun,12G,Non-functional,2003-9-17,2006-3-23
458,HK416,Assault Rifle,5.56x45mm,In Active Zone,2004-11-5,2013-4-22
459,M590,Shotgun,12G,Non-functional,2001-1-7,2006-3-18
460,MCX,Assault Rifle,.300BLACKOUT,In Stock,2005-4-13,2019-5-19
461,M4A1,Assault Rifle,5.56x45mm,On Maintenance,2005-4-17,2013-7-15
462,HK416,Assault Rifle,5.56x45mm,In Stock,2003-10-2,2004-10-2
463,M11,Pistol,9x19mm,Missing,2007-5-23,2017-12-23
464,M4A1,Assault Rifle,5.56x45mm,Non-functional,2007-12-24,2008-6-5
465,M9,Pistol,9x19mm,On Maintenance,2012-8-23,2014-9-7
466,XM250,LMG,.277Fury,In Stock,2006-4-4,2008-7-9
467,XM5,Assault Rifle,.277Fury,Non-functional,2014-7-27,2016-8-9
468,Glock17,Pistol,9x19mm,In Active Zone,2006-1-12,2009-4-17
469,MP5,SMG,9x19mm,In Active Zone,2007-1-26,2018-11-19
470,Glock17,Pistol,9x19mm,On Maintenance,2000-7-23,2016-7-19
471,M9,Pistol,9x19mm,Non-functional,2004-10-12,2019-7-11
472,M14,DMR,7.62x51mm,In Stock,2005-12-19,2010-5-9
473,M4A1,Assault Rifle,5.56x45mm,In Stock,2001-12-6,2011-7-5
474,HK416,Assault Rifle,5.56x45mm,Missing,2011-4-3,2016-6-9
475,M11,Pistol,9x19mm,Non-functional,2009-1-14,2014-10-27
476,MCX,Assault Rifle,.300BLACKOUT,On Maintenance,2011-6-22,2013-4-24
477,M1014,Shotgun,12G,Non-functional,2003-12-5,2007-3-8
478,XM250,LMG,.277Fury,In Active Zone,2011-7-4,2013-2-8
479,M11,Pistol,9x19mm,On Maintenance,2006-7-13,2013-7-28
480,M249,LMG,5.56x45mm,Missing,2000-10-18,2006-12-26
481,Glock17,Pistol,9x19mm,On Maintenance,2012-7-22,2017-5-25
482,XM250,LMG,.277Fury,Missing,2013-4-2,2018-12-4
483,M590,Shotgun,12G,In Active Zone,2016-4-17,2016-5-22
484,MP5,SMG,9x19mm,In Active Zone,2001-12-25,2003-7-4
485,M16,Assault Rifle,5.56x45mm,On Maintenance,2003-11-24,2004-11-18
486,M590,Shotgun,12G,Missing,2002-4-20,2009-4-26
487,MCX,Assault Rifle,.300BLACKOUT,Missing,2002-2-26,2005-12-7
488,M590,Shotgun,12G,On Maintenance,2011-4-5,2013-5-25
489,M11,Pistol,9x19mm,In Active Zone,2006-4-3,2008-12-10
490,M9,Pistol,9x19mm,Non-functional,2015-3-3,2018-4-13
491,XM250,LMG,.277Fury,In Stock,2011-9-9,2012-4-21
492,M11,Pistol,9x19mm,On Maintenance,2015-3-8,2016-7-15
493,HK416,Assault Rifle,5.56x45mm,Missing,2012-1-2,2013-9-20
494,M249,LMG,5.56x45mm,Missing,2003-1-3,2011-11-24
495,M4A1,Assault Rifle,5.56x45mm,In Active Zone,2001-1-14,2003-2-19
496,XM250,LMG,.277Fury,In Stock,2013-11-3,2014-10-9
497,Glock17,Pistol,9x19mm,On Maintenance,2005-6-12,2012-6-5
498,M249,LMG,5.56x45mm,On Maintenance,2016-1-21,2016-3-2
499,M16,Assault Rifle,5.56x45mm,In Active Zone,2003-2-10,2013-8-7
500,M1014,Shotgun,12G,In Stock,2011-12-7,2014-10-16
501,M16,Assault Rifle,5.56x45mm,In Stock,2007-1-24,2010-11-18
502,Glock17,Pistol,9x19mm,In Active Zone,2010-6-7,2016-7-18
503,M9,Pistol,9x19mm,In Active Zone,2000-9-19,2019-11-5
504,M1014,Shotgun,12G,Missing,2015-10-9,2017-12-17
505,M1014,Shotgun,12G,In Active Zone,2005-9-15,2016-5-23
506,M4A1,Assault Rifle,5.56x45mm,On Maintenance,2003-4-8,2016-4-23
507,M16,Assault Rifle,5.56x45mm,In Active Zone,2006-11-21,2019-4-6
508,M9,Pistol,9x19mm,In Stock,2002-5-10,2013-11-5
509,XM5,Assault Rifle,.277Fury,In Stock,2009-10-28,2018-8-6
510,HK416,Assault Rifle,5.56x45mm,On Maintenance,2010-7-16,2014-1-16
511,MP5,SMG,9x19mm,Missing,2017-9-3,2019-3-14
512,M1014,Shotgun,12G,Non-functional,2007-9-25,2017-9-22
513,HK416,Assault Rifle,5.56x45mm,In Active Zone,2012-5-17,2014-10-25
514,MP5,SMG,9x19mm,In Active Zone,2000-7-28,2004-12-15
515,MP5,SMG,9x19mm,On Maintenance,2003-11-16,2016-11-17
516,M249,LMG,5.56x45mm,Missing,2006-11-9,2016-4-22
517,XM250,LMG,.277Fury,In Active Zone,2012-2-19,2017-10-25
518,M590,Shotgun,12G,In Active Zone,2002-3-15,2007-8-10
519,M4A1,Assault Rifle,5.56x45mm,In Active Zone,2014-9-21,2018-9-9
520,M11,Pistol,9x19mm,Non-functional,2008-8-26,2014-4-13
521,MPX,SMG,9x19mm,Missing,2008-2-19,2016-2-25
522,M9,Pistol,9x19mm,Missing,2013-6-25,2015-6-20
523,M249,LMG,5.56x45mm,In Stock,2005-4-4,2006-10-12
524,MCX,Assault Rifle,.300BLACKOUT,Missing,2005-5-17,2010-8-12
525,MP5,SMG,9x19mm,In Stock,2013-5-26,2015-7-25
526,M4A1,Assault Rifle,5.56x45mm,Non-functional,2007-8-13,2010-1-19
527,M11,Pistol,9x19mm,In Active Zone,2007-4-25,2013-1-23
528,MPX,SMG,9x19mm,Missing,2000-12-12,2013-6-9
529,MP5,SMG,9x19mm,On Maintenance,2016-7-24,2019-5-20
530,XM5,Assault Rifle,.277Fury,In Stock,2010-3-6,2015-9-13
531,HK416,Assault Rifle,5.56x45mm,On Maintenance,2013-10-1,2014-5-11
532,MP5,SMG,9x19mm,In Stock,2000-2-19,2016-10-16
533,M16,Assault Rifle,5.56x45mm,On Maintenance,2002-10-19,2005-10-17
534,MPX,SMG,9x19mm,In Active Zone,2008-4-13,2009-5-17
535,M4A1,Assault Rifle,5.56x45mm,On Maintenance,2002-9-14,2004-10-3
536,MPX,SMG,9x19mm,In Active Zone,2005-8-6,2018-12-8
537,Glock17,Pistol,9x19mm,Missing,2002-1-15,2017-3-19
538,Glock17,Pistol,9x19mm,On Maintenance,2013-7-7,2014-5-7
539,M590,Shotgun,12G,In Stock,2007-7-6,2009-1-16
540,XM250,LMG,.277Fury,In Active Zone,2009-1-27,2018-4-20
541,M9,Pistol,9x19mm,In Stock,2009-9-27,2015-10-24
542,M16,Assault Rifle,5.56x45mm,In Stock,2002-7-6,2012-3-5
543,XM250,LMG,.277Fury,Missing,2002-4-26,2012-9-18
544,M11,Pistol,9x19mm,On Maintenance,2011-12-18,2016-3-3
545,Glock17,Pistol,9x19mm,On Maintenance,2007-2-14,2018-9-9
546,M16,Assault Rifle,5.56x45mm,Non-functional,2007-5-24,2017-6-2
547,M4A1,Assault Rifle,5.56x45mm,Non-functional,2005-9-20,2019-5-8
548,XM250,LMG,.277Fury,Missing,2002-8-10,2015-1-27
549,XM5,Assault Rifle,.277Fury,Missing,2010-11-24,2011-4-16
550,M590,Shotgun,12G,In Active Zone,2017-10-4,2017-10-16
551,XM5,Assault Rifle,.277Fury,On Maintenance,2008-3-20,2011-12-28
552,M4A1,Assault Rifle,5.56x45mm,In Active Zone,2008-1-2,2009-6-15
553,HK416,Assault Rifle,5.56x45mm,Non-functional,2007-12-13,2014-7-12
554,M9,Pistol,9x19mm,In Active Zone,2002-1-25,2016-3-7
555,M14,DMR,7.62x51mm,Non-functional,2000-5-16,2005-8-4
556,M14,DMR,7.62x51mm,On Maintenance,2001-9-23,2006-8-19
557,MP5,SMG,9x19mm,On Maintenance,2003-8-10,2016-4-23
558,M249,LMG,5.56x45mm,Non-functional,2003-1-7,2005-9-22
559,XM250,LMG,.277Fury,In Active Zone,2000-3-7,2001-1-19
560,MP5,SMG,9x19mm,In Active Zone,2011-12-9,2012-12-4
561,M14,DMR,7.62x51mm,Missing,2005-6-18,2005-10-14
562,M11,Pistol,9x19mm,In Active Zone,2011-5-7,2012-6-15
563,M14,DMR,7.62x51mm,On Maintenance,2009-1-18,2012-11-9
564,M9,Pistol,9x19mm,On Maintenance,2003-8-3,2017-3-22
565,M9,Pistol,9x19mm,Non-functional,2006-10-17,2009-4-7
566,M1014,Shotgun,12G,Non-functional,2011-1-26,2016-8-17
567,HK416,Assault Rifle,5.56x45mm,In Stock,2000-11-22,2016-3-26
568,Glock17,Pistol,9x19mm,Missing,2006-5-9,2019-4-4
569,M14,DMR,7.62x51mm,On Maintenance,2000-4-15,2010-4-6
570,M249,LMG,5.56x45mm,On Maintenance,2001-10-23,2016-1-17
571,M249,LMG,5.56x45mm,On Maintenance,2002-8-20,2003-5-15
572,MP5,SMG,9x19mm,Missing,2002-5-2,2004-11-11
573,M9,Pistol,9x19mm,In Active Zone,2009-12-4,2011-5-15
574,M249,LMG,5.56x45mm,Non-functional,2002-4-22,2011-11-10
575,MP5,SMG,9x19mm,Missing,2012-6-20,2019-5-21
576,XM5,Assault Rifle,.277Fury,Non-functional,2005-2-14,2010-12-13
577,M1014,Shotgun,12G,In Stock,2000-8-19,2001-1-12
578,XM250,LMG,.277Fury,Missing,2001-3-9,2019-11-24
579,XM5,Assault Rifle,.277Fury,On Maintenance,2006-12-21,2017-2-9
580,MP5,SMG,9x19mm,In Stock,2002-2-14,2014-1-25
581,MPX,SMG,9x19mm,In Active Zone,2000-10-5,2003-1-6
582,MPX,SMG,9x19mm,Non-functional,2009-8-25,2010-2-3
583,MCX,Assault Rifle,.300BLACKOUT,Missing,2010-4-18,2013-5-27
584,MP5,SMG,9x19mm,In Active Zone,2002-4-4,2017-11-8
585,MP5,SMG,9x19mm,Missing,2014-1-21,2015-8-5
586,MP5,SMG,9x19mm,On Maintenance,2007-8-4,2019-5-16
587,XM5,Assault Rifle,.277Fury,In Active Zone,2005-2-3,2006-2-14
588,HK416,Assault Rifle,5.56x45mm,On Maintenance,2003-1-4,2005-2-5
589,M11,Pistol,9x19mm,On Maintenance,2016-6-2,2016-7-6
590,HK416,Assault Rifle,5.56x45mm,Missing,2003-3-8,2017-9-24
591,M14,DMR,7.62x51mm,In Active Zone,2007-5-11,2017-11-5
592,M4A1,Assault Rifle,5.56x45mm,Non-functional,2001-9-1,2004-10-10
593,XM5,Assault Rifle,.277Fury,Missing,2002-9-19,2003-10-27
594,HK416,Assault Rifle,5.56x45mm,In Active Zone,2009-10-26,2018-12-13
595,M14,DMR,7.62x51mm,Missing,2012-6-17,2017-6-5
596,MPX,SMG,9x19mm,Non-functional,2013-9-27,2017-9-15
597,M9,Pistol,9x19mm,On Maintenance,2006-12-23,2018-10-3
598,MCX,Assault Rifle,.300BLACKOUT,Missing,2008-9-6,2015-8-28
599,XM5,Assault Rifle,.277Fury,In Stock,2010-2-13,2016-7-25
600,Glock17,Pistol,9x19mm,On Maintenance,2014-9-9,2017-9-25
601,M14,DMR,7.62x51mm,In Active Zone,2010-10-15,2014-2-8
602,M16,Assault Rifle,5.56x45mm,Non-functional,2003-5-10,2013-5-28
603,MCX,Assault Rifle,.300BLACKOUT,In Active Zone,2002-7-17,2016-7-12
604,M16,Assault Rifle,5.56x45mm,On Maintenance,2016-9-28,2018-2-23
605,M590,Shotgun,12G,Missing,2001-11-28,2006-10-27
606,XM250,LMG,.277Fury,On Maintenance,2003-11-6,2016-7-19
607,M249,LMG,5.56x45mm,On Maintenance,2005-9-9,2009-12-10
608,M1014,Shotgun,12G,In Active Zone,2001-7-8,2019-10-7
609,M11,Pistol,9x19mm,In Stock,2012-1-20,2017-7-14
610,M9,Pistol,9x19mm,In Active Zone,2005-7-8,2011-6-19
611,M1014,Shotgun,12G,In Active Zone,2006-8-9,2012-11-11
612,M249,LMG,5.56x45mm,In Stock,2009-10-8,2011-2-7
613,M1014,Shotgun,12G,On Maintenance,2014-2-2,2015-9-24
614,M249,LMG,5.56x45mm,Missing,2017-6-8,2018-2-25
615,M11,Pistol,9x19mm,On Maintenance,2009-12-14,2015-2-26
616,MCX,Assault Rifle,.300BLACKOUT,On Maintenance,2012-2-24,2017-9-27
617,MPX,SMG,9x19mm,Missing,2011-6-27,2015-2-16
618,M11,Pistol,9x19mm,On Maintenance,2005-2-4,2015-12-5
619,MP5,SMG,9x19mm,In Stock,2005-2-27,2019-4-7
620,M1014,Shotgun,12G,On Maintenance,2006-6-11,2013-7-27
621,MP5,SMG,9x19mm,Non-functional,2008-6-17,2015-4-11
622,M11,Pistol,9x19mm,On Maintenance,2004-12-21,2008-4-25
623,M4A1,Assault Rifle,5.56x45mm,Non-functional,2005-1-18,2010-1-21
624,M249,LMG,5.56x45mm,Non-functional,2003-1-11,2016-5-23
625,XM250,LMG,.277Fury,Missing,2006-12-7,2018-6-22
626,M1014,Shotgun,12G,Missing,2003-8-24,2018-10-8
627,XM5,Assault Rifle,.277Fury,In Active Zone,2009-2-12,2009-11-23
628,M14,DMR,7.62x51mm,Missing,2003-6-14,2004-11-7
629,M249,LMG,5.56x45mm,In Stock,2010-1-10,2019-7-6
630,MPX,SMG,9x19mm,Non-functional,2001-1-4,2010-6-13
631,XM5,Assault Rifle,.277Fury,In Active Zone,2007-6-9,2010-2-21
632,M11,Pistol,9x19mm,Missing,2013-2-22,2019-7-20
633,MCX,Assault Rifle,.300BLACKOUT,In Stock,2000-10-19,2011-10-14
634,MCX,Assault Rifle,.300BLACKOUT,In Stock,2000-5-8,2005-12-17
635,M4A1,Assault Rifle,5.56x45mm,On Maintenance,2002-1-3,2006-10-11
636,M590,Shotgun,12G,Non-functional,2017-11-13,2018-4-13
637,MCX,Assault Rifle,.300BLACKOUT,In Stock,2005-10-17,2016-8-23
638,M1014,Shotgun,12G,Missing,2004-1-21,2015-12-8
639,M14,DMR,7.62x51mm,Missing,2004-5-3,2006-3-21
640,M9,Pistol,9x19mm,In Stock,2001-2-18,2015-7-16
641,M9,Pistol,9x19mm,In Active Zone,2001-1-19,2005-7-22
642,M249,LMG,5.56x45mm,Non-functional,2007-5-1,2012-6-7
643,M590,Shotgun,12G,In Active Zone,2009-6-2,2014-11-22
644,M9,Pistol,9x19mm,On Maintenance,2014-6-17,2017-4-6
645,M1014,Shotgun,12G,In Active Zone,2016-1-22,2016-11-10
646,M1014,Shotgun,12G,In Active Zone,2002-1-10,2019-8-9
647,M16,Assault Rifle,5.56x45mm,In Stock,2003-2-14,2019-7-3
648,MP5,SMG,9x19mm,Non-functional,2004-7-18,2018-5-22
649,XM5,Assault Rifle,.277Fury,In Stock,2009-7-26,2018-5-6
650,M9,Pistol,9x19mm,In Stock,2010-3-11,2011-10-1
651,M249,LMG,5.56x45mm,Missing,2015-3-6,2018-1-22
652,HK416,Assault Rifle,5.56x45mm,On Maintenance,2011-1-7,2019-2-18
653,HK416,Assault Rifle,5.56x45mm,On Maintenance,2011-1-10,2014-6-16
654,M9,Pistol,9x19mm,Non-functional,2001-3-11,2017-6-18
655,M14,DMR,7.62x51mm,Non-functional,2015-12-18,2019-5-25
656,MPX,SMG,9x19mm,On Maintenance,2000-6-14,2013-6-10
657,M1014,Shotgun,12G,In Active Zone,2002-3-12,2003-3-26
658,M11,Pistol,9x19mm,Missing,2001-5-27,2014-11-2
659,M4A1,Assault Rifle,5.56x45mm,On Maintenance,2012-8-15,2018-9-1
660,M14,DMR,7.62x51mm,Non-functional,2005-12-13,2009-6-20
661,M4A1,Assault Rifle,5.56x45mm,Non-functional,2004-3-19,2014-11-25
662,M249,LMG,5.56x45mm,Non-functional,2005-8-23,2006-12-5
663,M16,Assault Rifle,5.56x45mm,On Maintenance,2007-1-19,2019-10-13
664,XM5,Assault Rifle,.277Fury,Non-functional,2006-6-9,2011-7-28
665,M4A1,Assault Rifle,5.56x45mm,Non-functional,2006-1-23,2013-5-17
666,M4A1,Assault Rifle,5.56x45mm,Missing,2009-4-18,2009-5-12
667,MP5,SMG,9x19mm,Non-functional,2008-1-2,2014-3-27
668,XM5,Assault Rifle,.277Fury,In Active Zone,2004-10-7,2019-11-25
669,XM250,LMG,.277Fury,Non-functional,2013-5-25,2019-10-8
670,M249,LMG,5.56x45mm,On Maintenance,2005-4-26,2011-7-11
671,MP5,SMG,9x19mm,In Active Zone,2009-6-8,2017-2-24
672,MCX,Assault Rifle,.300BLACKOUT,Missing,2012-3-26,2013-7-6
673,MPX,SMG,9x19mm,In Stock,2013-10-5,2017-3-2
674,M1014,Shotgun,12G,In Active Zone,2000-3-16,2017-3-4
675,M16,Assault Rifle,5.56x45mm,On Maintenance,2003-10-13,2014-2-26
676,M11,Pistol,9x19mm,In Stock,2010-1-4,2014-5-8
677,M16,Assault Rifle,5.56x45mm,On Maintenance,2012-2-21,2015-6-28
678,M16,Assault Rifle,5.56x45mm,In Stock,2005-4-24,2015-5-28
679,M14,DMR,7.62x51mm,Missing,2008-2-16,2010-5-23
680,M249,LMG,5.56x45mm,In Stock,2007-2-25,2014-8-9
681,MCX,Assault Rifle,.300BLACKOUT,Missing,2000-2-9,2011-4-1
682,MP5,SMG,9x19mm,On Maintenance,2012-8-15,2019-12-22
683,M590,Shotgun,12G,On Maintenance,2005-4-14,2017-4-4
684,MPX,SMG,9x19mm,Non-functional,2001-7-21,2001-9-1
685,MCX,Assault Rifle,.300BLACKOUT,Missing,2008-12-8,2011-1-21
686,M1014,Shotgun,12G,Non-functional,2004-12-6,2006-7-7
687,MP5,SMG,9x19mm,In Stock,2003-2-23,2008-9-14
688,M9,Pistol,9x19mm,Missing,2010-8-1,2011-6-1
689,MPX,SMG,9x19mm,Missing,2002-12-16,2006-6-24
690,M9,Pistol,9x19mm,Missing,2001-9-5,2014-2-15
691,M9,Pistol,9x19mm,In Stock,2005-5-23,2008-1-25
692,XM5,Assault Rifle,.277Fury,In Stock,2001-1-21,2013-2-5
693,MCX,Assault Rifle,.300BLACKOUT,Non-functional,2001-5-27,2006-5-17
694,XM5,Assault Rifle,.277Fury,Non-functional,2014-2-27,2015-2-14
695,HK416,Assault Rifle,5.56x45mm,Missing,2008-4-23,2011-5-6
696,XM250,LMG,.277Fury,Missing,2019-1-7,2019-9-20
697,M14,DMR,7.62x51mm,On Maintenance,2006-6-3,2016-12-25
698,M14,DMR,7.62x51mm,Missing,2019-1-26,2019-11-27
699,M9,Pistol,9x19mm,Missing,2008-8-11,2011-3-3
700,MPX,SMG,9x19mm,In Stock,2011-4-23,2017-12-5
701,M1014,Shotgun,12G,Non-functional,2000-6-4,2015-7-3
702,M590,Shotgun,12G,On Maintenance,2010-9-5,2013-8-18
703,M590,Shotgun,12G,In Active Zone,2003-6-19,2017-9-19
704,M14,DMR,7.62x51mm,On Maintenance,2002-10-24,2012-12-20
705,XM250,LMG,.277Fury,Missing,2010-8-14,2013-4-20
706,M590,Shotgun,12G,On Maintenance,2001-1-26,2011-10-10
707,MP5,SMG,9x19mm,In Stock,2006-3-2,2010-6-13
708,M4A1,Assault Rifle,5.56x45mm,Non-functional,2009-7-11,2009-12-11
709,M11,Pistol,9x19mm,On Maintenance,2001-9-26,2003-9-20
710,Glock17,Pistol,9x19mm,Non-functional,2001-7-26,2011-11-14
711,M14,DMR,7.62x51mm,In Stock,2010-3-8,2017-3-11
712,M11,Pistol,9x19mm,In Active Zone,2014-3-22,2018-5-3
713,HK416,Assault Rifle,5.56x45mm,Non-functional,2001-7-21,2001-8-1
714,HK416,Assault Rifle,5.56x45mm,Non-functional,2011-7-2,2012-4-5
715,XM5,Assault Rifle,.277Fury,In Active Zone,2005-8-20,2017-7-19
716,M16,Assault Rifle,5.56x45mm,On Maintenance,2007-9-1,2016-6-27
717,M249,LMG,5.56x45mm,Missing,2008-9-27,2013-8-25
718,M14,DMR,7.62x51mm,In Active Zone,2001-12-15,2004-2-12
719,M249,LMG,5.56x45mm,Missing,2007-2-23,2014-6-4
720,M4A1,Assault Rifle,5.56x45mm,Missing,2005-4-13,2007-10-3
721,HK416,Assault Rifle,5.56x45mm,In Stock,2003-7-14,2015-6-24
722,MCX,Assault Rifle,.300BLACKOUT,In Active Zone,2016-8-2,2019-10-10
723,XM250,LMG,.277Fury,In Active Zone,2000-12-15,2015-10-15
724,M16,Assault Rifle,5.56x45mm,Non-functional,2000-3-20,2004-9-16
725,M249,LMG,5.56x45mm,On Maintenance,2003-7-20,2013-3-19
726,M11,Pistol,9x19mm,In Stock,2009-10-4,2014-5-23
727,M16,Assault Rifle,5.56x45mm,On Maintenance,2000-8-16,2002-8-28
728,M249,LMG,5.56x45mm,Non-functional,2003-8-15,2003-10-14
729,XM5,Assault Rifle,.277Fury,In Active Zone,2018-2-4,2019-12-25
730,M1014,Shotgun,12G,In Active Zone,2000-3-27,2019-10-7
731,MPX,SMG,9x19mm,Non-functional,2003-2-8,2004-12-26
732,M590,Shotgun,12G,Non-functional,2007-5-16,2015-10-6
733,M590,Shotgun,12G,Missing,2001-4-19,2004-2-11
734,XM5,Assault Rifle,.277Fury,Non-functional,2013-3-16,2018-3-18
735,M1014,Shotgun,12G,In Stock,2006-8-6,2016-1-16
736,MP5,SMG,9x19mm,On Maintenance,2006-3-22,2015-10-6
737,M590,Shotgun,12G,On Maintenance,2016-10-11,2019-2-9
738,XM5,Assault Rifle,.277Fury,On Maintenance,2006-11-3,2006-12-7
739,M249,LMG,5.56x45mm,On Maintenance,2006-11-20,2012-6-27
740,XM5,Assault Rifle,.277Fury,In Stock,2003-7-3,2019-6-25
741,M9,Pistol,9x19mm,In Stock,2000-9-12,2013-7-8
742,M11,Pistol,9x19mm,On Maintenance,2005-5-20,2018-7-13
743,M11,Pistol,9x19mm,In Active Zone,2001-11-8,2011-10-12
744,M249,LMG,5.56x45mm,On Maintenance,2007-2-6,2014-3-8
745,M9,Pistol,9x19mm,Non-functional,2000-1-22,2018-3-18
746,XM5,Assault Rifle,.277Fury,On Maintenance,2005-6-3,2009-1-24
747,M14,DMR,7.62x51mm,Missing,2005-10-5,2011-10-17
748,MCX,Assault Rifle,.300BLACKOUT,In Stock,2004-3-28,2018-10-8
749,Glock17,Pistol,9x19mm,In Active Zone,2002-4-15,2016-11-10
750,MPX,SMG,9x19mm,Non-functional,2003-8-18,2011-3-9
751,MCX,Assault Rifle,.300BLACKOUT,In Active Zone,2001-5-19,2012-4-19
752,HK416,Assault Rifle,5.56x45mm,In Stock,2004-1-22,2006-1-17
753,MCX,Assault Rifle,.300BLACKOUT,On Maintenance,2000-8-6,2004-10-18
754,MPX,SMG,9x19mm,In Active Zone,2000-2-17,2012-11-10
755,M249,LMG,5.56x45mm,Missing,2000-3-11,2006-3-23
756,MCX,Assault Rifle,.300BLACKOUT,In Stock,2000-5-9,2001-10-17
757,M14,DMR,7.62x51mm,In Stock,2012-2-21,2016-9-14
758,Glock17,Pistol,9x19mm,Missing,2006-7-23,2013-8-3
759,XM250,LMG,.277Fury,Missing,2011-7-24,2014-8-22
760,Glock17,Pistol,9x19mm,Missing,2014-10-7,2019-4-28
761,XM250,LMG,.277Fury,In Stock,2004-6-19,2008-10-8
762,M1014,Shotgun,12G,Non-functional,2004-1-27,2014-10-15
763,XM250,LMG,.277Fury,On Maintenance,2004-6-1,2006-5-5
764,M11,Pistol,9x19mm,Non-functional,2000-9-24,2013-10-21
765,XM5,Assault Rifle,.277Fury,In Stock,2013-5-9,2016-3-28
766,HK416,Assault Rifle,5.56x45mm,On Maintenance,2004-11-9,2006-4-28
767,M249,LMG,5.56x45mm,In Stock,2014-4-8,2017-6-11
768,M11,Pistol,9x19mm,In Active Zone,2004-3-21,2005-2-27
769,HK416,Assault Rifle,5.56x45mm,On Maintenance,2006-10-22,2007-10-9
770,Glock17,Pistol,9x19mm,In Stock,2003-12-1,2018-10-24
771,M249,LMG,5.56x45mm,Non-functional,2003-10-7,2012-3-11
772,M249,LMG,5.56x45mm,On Maintenance,2011-1-16,2014-11-9
773,XM5,Assault Rifle,.277Fury,In Active Zone,2004-9-3,2012-9-4
774,HK416,Assault Rifle,5.56x45mm,On Maintenance,2012-6-21,2013-11-26
775,XM5,Assault Rifle,.277Fury,Non-functional,2003-11-25,2013-12-24
776,M16,Assault Rifle,5.56x45mm,On Maintenance,2003-1-6,2011-11-21
777,M4A1,Assault Rifle,5.56x45mm,Missing,2004-3-14,2016-9-24
778,MP5,SMG,9x19mm,Missing,2003-4-15,2005-9-13
779,M16,Assault Rifle,5.56x45mm,Missing,2006-5-2,2007-8-6
780,M1014,Shotgun,12G,In Stock,2009-9-4,2016-9-3
781,XM250,LMG,.277Fury,Missing,2000-9-23,2012-10-23
782,M249,LMG,5.56x45mm,In Active Zone,2003-6-19,2009-12-3
783,M11,Pistol,9x19mm,In Active Zone,2010-9-18,2011-8-5
784,M14,DMR,7.62x51mm,Missing,2006-6-25,2015-7-26
785,XM250,LMG,.277Fury,Missing,2016-10-27,2018-2-20
786,M9,Pistol,9x19mm,In Active Zone,2011-1-13,2013-11-24
787,HK416,Assault Rifle,5.56x45mm,Non-functional,2003-7-7,2018-5-2
788,M9,Pistol,9x19mm,On Maintenance,2011-11-3,2019-4-8
789,XM5,Assault Rifle,.277Fury,Non-functional,2006-7-8,2010-5-28
790,MPX,SMG,9x19mm,On Maintenance,2006-3-25,2014-2-25
791,M1014,Shotgun,12G,Missing,2007-3-21,2016-1-2
792,M9,Pistol,9x19mm,In Stock,2003-2-16,2008-9-25
793,M1014,Shotgun,12G,On Maintenance,2012-2-3,2014-8-19
794,HK416,Assault Rifle,5.56x45mm,Missing,2001-9-3,2004-4-20
795,XM250,LMG,.277Fury,In Active Zone,2005-3-17,2016-8-14
796,M4A1,Assault Rifle,5.56x45mm,On Maintenance,2008-4-18,2015-4-2
797,M9,Pistol,9x19mm,Non-functional,2006-8-20,2014-8-19
798,M1014,Shotgun,12G,Non-functional,2012-11-18,2015-11-27
799,M9,Pistol,9x19mm,Non-functional,2006-4-28,2018-8-27
800,M249,LMG,5.56x45mm,On Maintenance,2000-5-12,2006-6-24
801,M9,Pistol,9x19mm,On Maintenance,2011-10-16,2017-9-2
802,M14,DMR,7.62x51mm,In Active Zone,2004-12-6,2013-8-26
803,M11,Pistol,9x19mm,On Maintenance,2001-7-9,2008-6-2
804,M16,Assault Rifle,5.56x45mm,In Stock,2000-1-9,2007-1-3
805,M14,DMR,7.62x51mm,In Stock,2003-12-5,2009-5-27
806,XM5,Assault Rifle,.277Fury,In Stock,2000-10-2,2001-2-9
807,M1014,Shotgun,12G,In Stock,2007-1-2,2011-7-19
808,M1014,Shotgun,12G,Missing,2003-1-19,2014-3-27
809,M9,Pistol,9x19mm,Missing,2003-1-27,2018-10-4
810,M590,Shotgun,12G,On Maintenance,2006-3-17,2015-9-24
811,MCX,Assault Rifle,.300BLACKOUT,Non-functional,2006-11-26,2017-4-15
812,M1014,Shotgun,12G,In Active Zone,2009-6-11,2012-11-28
813,MPX,SMG,9x19mm,Missing,2002-3-5,2017-8-26
814,MP5,SMG,9x19mm,On Maintenance,2002-8-3,2016-4-15
815,Glock17,Pistol,9x19mm,On Maintenance,2004-4-11,2004-12-17
816,HK416,Assault Rifle,5.56x45mm,On Maintenance,2015-8-18,2017-8-9
817,HK416,Assault Rifle,5.56x45mm,Missing,2004-2-19,2007-7-7
818,M590,Shotgun,12G,On Maintenance,2004-6-9,2006-9-12
819,M590,Shotgun,12G,In Stock,2004-8-17,2019-7-27
820,M16,Assault Rifle,5.56x45mm,Missing,2000-9-6,2017-1-7
821,M14,DMR,7.62x51mm,In Active Zone,2001-5-27,2013-9-18
822,M1014,Shotgun,12G,Non-functional,2000-3-7,2011-12-17
823,M590,Shotgun,12G,Missing,2005-4-27,2013-11-20
824,M11,Pistol,9x19mm,In Active Zone,2001-11-1,2011-3-5
825,Glock17,Pistol,9x19mm,On Maintenance,2000-7-21,2016-2-8
826,MCX,Assault Rifle,.300BLACKOUT,In Stock,2004-4-25,2019-6-7
827,Glock17,Pistol,9x19mm,Missing,2008-10-10,2015-11-22
828,M16,Assault Rifle,5.56x45mm,In Stock,2016-4-12,2018-6-4
829,M1014,Shotgun,12G,In Stock,2003-8-27,2005-3-12
830,M11,Pistol,9x19mm,Non-functional,2000-2-12,2015-6-2
831,MP5,SMG,9x19mm,On Maintenance,2002-9-28,2018-10-2
832,M590,Shotgun,12G,Non-functional,2006-8-7,2008-10-20
833,MPX,SMG,9x19mm,Non-functional,2003-8-28,2013-4-14
834,M11,Pistol,9x19mm,On Maintenance,2006-1-17,2014-4-16
835,XM5,Assault Rifle,.277Fury,In Stock,2010-11-3,2012-8-17
836,M14,DMR,7.62x51mm,In Active Zone,2002-8-20,2009-5-9
837,XM5,Assault Rifle,.277Fury,Missing,2002-4-12,2014-8-23
838,XM250,LMG,.277Fury,In Active Zone,2010-2-26,2015-4-2
839,M14,DMR,7.62x51mm,Missing,2002-2-26,2018-1-12
840,XM5,Assault Rifle,.277Fury,In Stock,2009-5-24,2014-6-6
841,M1014,Shotgun,12G,Non-functional,2006-7-2,2009-8-6
842,MP5,SMG,9x19mm,In Active Zone,2004-7-13,2019-8-6
843,M249,LMG,5.56x45mm,Missing,2003-7-17,2018-6-5
844,M4A1,Assault Rifle,5.56x45mm,Missing,2000-9-11,2013-10-25
845,M11,Pistol,9x19mm,Missing,2002-8-15,2015-7-24
846,XM250,LMG,.277Fury,In Stock,2000-6-5,2017-2-13
847,MPX,SMG,9x19mm,On Maintenance,2010-4-8,2016-6-16
848,MPX,SMG,9x19mm,In Stock,2000-7-21,2007-8-11
849,M249,LMG,5.56x45mm,Non-functional,2015-4-21,2018-9-9
850,M16,Assault Rifle,5.56x45mm,Missing,2007-11-8,2013-6-21
851,HK416,Assault Rifle,5.56x45mm,In Stock,2017-12-23,2019-5-12
852,M16,Assault Rifle,5.56x45mm,In Active Zone,2007-2-18,2009-8-2
853,M11,Pistol,9x19mm,In Active Zone,2015-9-17,2019-1-2
854,M590,Shotgun,12G,Non-functional,2000-8-12,2017-1-13
855,M1014,Shotgun,12G,Missing,2005-8-22,2016-11-24
856,MPX,SMG,9x19mm,In Stock,2008-4-13,2016-3-24
857,XM5,Assault Rifle,.277Fury,In Stock,2007-8-18,2014-9-28
858,Glock17,Pistol,9x19mm,On Maintenance,2012-1-23,2017-11-24
859,M1014,Shotgun,12G,In Stock,2000-10-5,2003-10-15
860,MP5,SMG,9x19mm,In Active Zone,2002-1-7,2009-9-16
861,HK416,Assault Rifle,5.56x45mm,On Maintenance,2003-7-16,2018-3-22
862,MCX,Assault Rifle,.300BLACKOUT,In Stock,2007-4-3,2016-7-16
863,XM250,LMG,.277Fury,In Stock,2016-2-20,2017-9-15
864,XM5,Assault Rifle,.277Fury,In Active Zone,2001-5-9,2010-7-13
865,MPX,SMG,9x19mm,Missing,2004-11-13,2019-11-20
866,M249,LMG,5.56x45mm,In Stock,2009-2-8,2018-12-15
867,Glock17,Pistol,9x19mm,In Stock,2005-10-13,2011-2-8
868,M9,Pistol,9x19mm,Missing,2009-3-17,2017-10-18
869,XM250,LMG,.277Fury,On Maintenance,2001-10-24,2003-8-12
870,M9,Pistol,9x19mm,On Maintenance,2010-1-1,2010-6-8
871,M249,LMG,5.56x45mm,Non-functional,2006-11-21,2009-12-2
872,M1014,Shotgun,12G,In Active Zone,2002-12-18,2012-6-26
873,M11,Pistol,9x19mm,On Maintenance,2002-2-12,2007-1-6
874,MP5,SMG,9x19mm,In Stock,2001-11-9,2005-2-16
875,M9,Pistol,9x19mm,Missing,2009-4-19,2013-10-14
876,Glock17,Pistol,9x19mm,Missing,2005-8-27,2017-4-13
877,M16,Assault Rifle,5.56x45mm,Non-functional,2008-2-6,2009-3-3
878,MP5,SMG,9x19mm,Non-functional,2007-11-14,2018-11-21
879,M14,DMR,7.62x51mm,Missing,2007-5-1,2013-12-4
880,M1014,Shotgun,12G,In Stock,2005-6-7,2015-4-6
881,M249,LMG,5.56x45mm,Non-functional,2004-7-25,2012-12-22
882,M590,Shotgun,12G,In Active Zone,2006-9-14,2008-6-6
883,MPX,SMG,9x19mm,Non-functional,2005-8-12,2018-10-9
884,M9,Pistol,9x19mm,In Stock,2002-12-12,2018-10-12
885,M249,LMG,5.56x45mm,In Stock,2004-3-13,2008-4-26
886,M11,Pistol,9x19mm,Non-functional,2007-12-16,2015-10-20
887,XM250,LMG,.277Fury,In Stock,2006-1-28,2016-6-15
888,Glock17,Pistol,9x19mm,In Active Zone,2000-2-7,2013-8-5
889,M11,Pistol,9x19mm,Non-functional,2010-10-21,2011-11-22
890,XM250,LMG,.277Fury,Missing,2001-4-25,2007-8-20
891,Glock17,Pistol,9x19mm,In Active Zone,2007-4-5,2012-1-26
892,M1014,Shotgun,12G,In Active Zone,2001-4-20,2018-2-24
893,HK416,Assault Rifle,5.56x45mm,In Active Zone,2008-11-6,2015-10-22
894,MP5,SMG,9x19mm,In Stock,2001-7-4,2012-3-1
895,MP5,SMG,9x19mm,On Maintenance,2015-5-11,2018-10-12
896,Glock17,Pistol,9x19mm,Non-functional,2002-10-14,2011-12-6
897,XM250,LMG,.277Fury,In Active Zone,2004-5-5,2014-3-27
898,M590,Shotgun,12G,In Stock,2002-2-2,2014-6-18
899,M1014,Shotgun,12G,In Stock,2015-6-8,2018-5-9
900,M249,LMG,5.56x45mm,In Stock,2002-7-19,2017-7-9
901,Glock17,Pistol,9x19mm,Missing,2001-3-11,2016-11-23
902,M1014,Shotgun,12G,On Maintenance,2006-4-7,2008-7-14
903,MPX,SMG,9x19mm,Non-functional,2002-12-11,2013-1-19
904,M11,Pistol,9x19mm,Non-functional,2013-10-27,2017-11-10
905,M14,DMR,7.62x51mm,In Active Zone,2007-10-21,2014-10-1
906,MPX,SMG,9x19mm,Non-functional,2002-3-8,2018-7-12
907,M1014,Shotgun,12G,Missing,2015-12-11,2017-5-9
908,M9,Pistol,9x19mm,Missing,2004-9-26,2015-9-25
909,XM250,LMG,.277Fury,Non-functional,2003-5-19,2005-8-25
910,M16,Assault Rifle,5.56x45mm,Non-functional,2003-10-23,2004-2-22
911,Glock17,Pistol,9x19mm,In Active Zone,2005-8-14,2006-6-25
912,HK416,Assault Rifle,5.56x45mm,Non-functional,2006-3-13,2014-3-4
913,Glock17,Pistol,9x19mm,Missing,2003-9-21,2017-6-23
914,HK416,Assault Rifle,5.56x45mm,On Maintenance,2001-3-8,2008-9-3
915,M16,Assault Rifle,5.56x45mm,On Maintenance,2009-8-3,2018-6-14
916,M16,Assault Rifle,5.56x45mm,Missing,2013-7-4,2018-10-12
917,M16,Assault Rifle,5.56x45mm,Missing,2007-12-22,2019-4-28
918,MCX,Assault Rifle,.300BLACKOUT,Missing,2010-1-8,2013-8-18
919,M14,DMR,7.62x51mm,In Stock,2014-9-10,2018-9-11
920,HK416,Assault Rifle,5.56x45mm,Missing,2000-5-27,2018-3-9
921,HK416,Assault Rifle,5.56x45mm,Missing,2009-3-12,2012-4-18
922,MCX,Assault Rifle,.300BLACKOUT,Missing,2008-9-3,2011-11-17
923,MPX,SMG,9x19mm,Non-functional,2003-4-15,2019-2-22
924,Glock17,Pistol,9x19mm,On Maintenance,2004-5-17,2019-12-25
925,M4A1,Assault Rifle,5.56x45mm,Missing,2012-5-16,2015-5-5
926,MCX,Assault Rifle,.300BLACKOUT,Missing,2001-11-4,2011-6-23
927,M4A1,Assault Rifle,5.56x45mm,Non-functional,2009-9-1,2016-3-1
928,XM250,LMG,.277Fury,On Maintenance,2015-6-23,2015-7-28
929,Glock17,Pistol,9x19mm,In Stock,2009-8-16,2019-4-28
930,M14,DMR,7.62x51mm,In Stock,2012-4-2,2016-8-6
931,MP5,SMG,9x19mm,Missing,2001-2-25,2002-3-12
932,HK416,Assault Rifle,5.56x45mm,Non-functional,2000-3-20,2016-7-7
933,M9,Pistol,9x19mm,Missing,2000-12-21,2015-9-15
934,MPX,SMG,9x19mm,Missing,2010-3-23,2019-8-19
935,M11,Pistol,9x19mm,On Maintenance,2015-6-23,2015-9-28
936,Glock17,Pistol,9x19mm,In Stock,2002-8-10,2006-10-24
937,M249,LMG,5.56x45mm,In Active Zone,2003-6-20,2005-1-4
938,MP5,SMG,9x19mm,On Maintenance,2005-2-17,2013-9-3
939,M249,LMG,5.56x45mm,In Stock,2000-6-13,2017-2-23
940,MP5,SMG,9x19mm,In Stock,2001-3-13,2019-4-22
941,M11,Pistol,9x19mm,Missing,2010-5-16,2013-6-6
942,Glock17,Pistol,9x19mm,Missing,2004-11-10,2019-12-27
943,M590,Shotgun,12G,On Maintenance,2009-3-27,2016-7-4
944,HK416,Assault Rifle,5.56x45mm,Missing,2000-8-6,2005-6-4
945,M4A1,Assault Rifle,5.56x45mm,Non-functional,2001-10-18,2009-3-8
946,MCX,Assault Rifle,.300BLACKOUT,On Maintenance,2000-3-11,2003-7-22
947,MP5,SMG,9x19mm,On Maintenance,2002-10-8,2017-3-28
948,MPX,SMG,9x19mm,Missing,2008-7-28,2015-6-6
949,M1014,Shotgun,12G,Non-functional,2014-9-15,2015-10-28
950,MPX,SMG,9x19mm,Non-functional,2000-11-3,2008-3-1
951,XM5,Assault Rifle,.277Fury,Missing,2005-6-9,2016-3-17
952,M590,Shotgun,12G,In Stock,2015-1-14,2015-11-22
953,M590,Shotgun,12G,Non-functional,2012-1-2,2017-10-22
954,M590,Shotgun,12G,On Maintenance,2011-1-6,2011-5-13
955,MCX,Assault Rifle,.300BLACKOUT,Missing,2001-5-24,2001-6-17
956,MCX,Assault Rifle,.300BLACKOUT,Non-functional,2007-11-10,2011-6-23
957,XM250,LMG,.277Fury,In Active Zone,2013-4-3,2015-6-28
958,MCX,Assault Rifle,.300BLACKOUT,Non-functional,2007-2-21,2010-9-5
959,MP5,SMG,9x19mm,In Active Zone,2002-6-10,2009-4-23
960,M16,Assault Rifle,5.56x45mm,In Stock,2009-11-13,2012-2-11
961,MCX,Assault Rifle,.300BLACKOUT,On Maintenance,2000-10-9,2016-7-28
962,XM250,LMG,.277Fury,In Stock,2004-7-13,2019-3-2
963,M16,Assault Rifle,5.56x45mm,Missing,2002-8-19,2012-7-10
964,M590,Shotgun,12G,Non-functional,2017-6-17,2018-8-13
965,MCX,Assault Rifle,.300BLACKOUT,In Stock,2002-4-5,2005-3-6
966,MCX,Assault Rifle,.300BLACKOUT,Non-functional,2001-12-14,2018-2-15
967,M14,DMR,7.62x51mm,On Maintenance,2016-9-10,2017-2-7
968,MCX,Assault Rifle,.300BLACKOUT,In Stock,2002-6-26,2019-7-27
969,M9,Pistol,9x19mm,On Maintenance,2013-10-22,2015-9-1
970,MCX,Assault Rifle,.300BLACKOUT,Non-functional,2012-10-24,2015-8-4
971,M249,LMG,5.56x45mm,On Maintenance,2009-5-24,2009-7-12
972,M9,Pistol,9x19mm,On Maintenance,2002-12-8,2009-3-18
973,M9,Pistol,9x19mm,Non-functional,2010-4-6,2018-9-16
974,M14,DMR,7.62x51mm,In Stock,2002-12-21,2007-5-6
975,M11,Pistol,9x19mm,Missing,2006-11-26,2008-6-24
976,M9,Pistol,9x19mm,Missing,2009-3-6,2012-6-2
977,M249,LMG,5.56x45mm,Non-functional,2012-1-21,2012-4-19
978,Glock17,Pistol,9x19mm,In Active Zone,2017-11-5,2018-11-27
979,M14,DMR,7.62x51mm,In Active Zone,2010-4-10,2011-1-23
980,M16,Assault Rifle,5.56x45mm,On Maintenance,2010-6-21,2016-11-11
981,XM5,Assault Rifle,.277Fury,Missing,2001-3-27,2003-3-6
982,M1014,Shotgun,12G,Non-functional,2012-8-15,2012-11-17
983,Glock17,Pistol,9x19mm,Non-functional,2010-1-22,2013-8-22
984,M590,Shotgun,12G,In Active Zone,2000-1-21,2009-11-2
985,MCX,Assault Rifle,.300BLACKOUT,Non-functional,2010-4-11,2015-6-9
986,M11,Pistol,9x19mm,On Maintenance,2006-3-19,2011-5-10
987,HK416,Assault Rifle,5.56x45mm,Non-functional,2009-10-12,2018-3-24
988,XM5,Assault Rifle,.277Fury,Non-functional,2002-4-16,2015-4-18
989,XM250,LMG,.277Fury,Non-functional,2001-5-22,2009-11-16
990,M11,Pistol,9x19mm,On Maintenance,2002-3-28,2008-7-4
991,M590,Shotgun,12G,Missing,2002-2-5,2012-11-27
992,XM5,Assault Rifle,.277Fury,Missing,2010-7-17,2014-11-24
993,M11,Pistol,9x19mm,In Active Zone,2012-7-11,2013-6-18
994,Glock17,Pistol,9x19mm,In Active Zone,2003-6-18,2013-10-21
995,MP5,SMG,9x19mm,In Active Zone,2013-10-9,2019-4-9
996,XM250,LMG,.277Fury,Non-functional,2005-12-3,2013-7-28
997,M14,DMR,7.62x51mm,Non-functional,2005-5-9,2013-5-10
998,M9,Pistol,9x19mm,In Stock,2002-6-4,2014-5-24
999,M14,DMR,7.62x51mm,Missing,2001-2-15,2018-12-20
1000,HK416,Assault Rifle,5.56x45mm,In Active Zone,2001-7-16,2015-4-21
